jurisdiction,citation_bill,short_title,status,enacted_date,effective_date,operative_date,who_regulated,hook,carve_outs,enforcer,private_suit,statutory_damages,cure_period,primary_url,class_collective,plaintiffs_together,fee_shifting,arbitration_class_waiver,notice_cure,nexus,out_of_state_actor,choice_of_law_forum,no_extraterritorial_clause,insurance_situs,thresholds,retroactivity,limitations_period,safe_harbor,local_preemption,criminal_overlay,litigation_status,federal_preemption,ai_definition,impact_assessment_discoverable,waiver_indemnity_ban,record_retention,last_checked,summary
CA,"Cal. Bus. & Prof. Code §§ 22757–22757.6 (SB 942, Stats. 2024, ch. 291, as amended by AB 853, Stats. 2025, ch. 674)",California AI Transparency Act,in force (core chapter); delayed (platform/hosting 2027; capture devices 2028),2024-09-19 (SB 942); 2025-10-13 chaptered (AB 853; confirm calendar on LegInfo),2025-01-01 (SB 942); 2026-01-01 (AB 853 amendments),"2026-08-02 (ch. 25 generally, § 22757.6); 2027-01-01 (§§ 22757.3.1–.3.2); 2028-01-01 (§ 22757.3.3 capture devices first sold on/after that date)","Covered GenAI providers (>1M monthly users, publicly accessible in CA); large online platforms (>2M unique monthly users); GenAI hosting platforms; capture-device manufacturers; third-party licensees of covered GenAI",GenAI detection tool; optional manifest disclosure; required latent/provenance disclosure; platforms must detect/preserve provenance; hosting platforms may not knowingly host non-disclosing GenAI,"Does not apply to products/services/sites/apps that provide exclusively non-user-generated video game, TV, streaming, movie, or interactive experiences (§ 22757.5). Large online platform excludes broadband and telecommunications services.","Attorney General, city attorney, or county counsel",none,"$5,000 civil penalty per violation (public enforcer); each day a discrete violation; attorney's fees to prevailing plaintiff in that public action. Not a private statutory-damages PRA.",none in statute,https://leginfo.legislature.ca.gov/faces/codes_displayText.xhtml?lawCode=BPC&division=8.&chapter=25.&article=,silent,stacking — each day a discrete violation (§ 22757.4(b)); public action only,yes — prevailing plaintiff (AG/city attorney/county counsel) reasonable attorney’s costs and fees (§ 22757.4(a)(2)); also fees on licensee injunction (§ 22757.4(c)),silent,silent (none in chapter),"covered provider: GenAI system with >1,000,000 monthly visitors or users and publicly accessible within the geographic boundaries of the state (§ 22757.1(d)); hosting platform: download of source code/model weights by a resident of the state (§ 22757.1(g)); capture devices produced for sale in the state","hosting platform that makes GenAI weights/code available for download by a resident of the state, regardless of compensation (§ 22757.1(g))",silent,silent,n/a,">1,000,000 monthly visitors or users (covered provider); large online platform >2,000,000 unique monthly users in preceding 12 months",operative 2026-08-02 generally; platform/hosting 2027-01-01; capture devices first produced for sale in CA on/after 2028-01-01 — not a general retroactivity clause,silent,silent,silent,civil-only,silent,silent,"GenAI system: an artificial intelligence that can generate derived synthetic content, including text, images, video, and audio, that emulates the structure and characteristics of the system’s training data (§ 22757.1)",silent,silent,detection-tool content: not longer than necessary to comply; may not retain personal provenance data from submitted content (§ 22757.2(c)) — no year count,2026-09-02,"Chapter 25 requires covered GenAI providers to offer a free detection tool, optional manifest labels, and latent provenance in image/video/audio outputs, and to contractually preserve that capability in licensees. AB 853 added large-platform provenance UI duties (operative 2027), hosting-platform bans on non-disclosing models (2027), and default latent capture-device watermarks for devices first produced for sale in CA on or after 1 Jan 2028. Enforcement is a $5,000-per-day civil penalty action by the AG, city attorney, or county counsel; the chapter does not create a consumer PRA."
CA,"Cal. Civ. Code §§ 3110–3111 (AB 2013, Stats. 2024, ch. 817)",Generative AI training data transparency,in force,2024-09-28,2025-01-01,2026-01-01 (first posting deadline),"Developers that design, code, produce, or substantially modify a GenAI system/service for use by members of the public (systems released on/after 2022-01-01)","Website documentation of training datasets (sources, types, IP status, PI, cleaning, collection window, synthetic data)",Affiliate/hospital medical-staff internal users excluded from 'members of the public.' No documentation required if the system's sole purpose is security and integrity; operation of aircraft in national airspace; or national security/military/defense made available only to a federal entity.,unconfirmed — chaptered bill text reviewed through § 3111 contains no AG/CPPA/PRA clause,unconfirmed (none in chaptered text reviewed),none in chaptered text reviewed,none in chaptered text reviewed,https://leginfo.legislature.ca.gov/faces/billTextClient.xhtml?bill_id=202320240AB2013,silent,silent,silent,silent,silent,"system or service made publicly available to Californians for use, regardless of compensation (§ 3111)",silent (duty attaches when the system is made publicly available to Californians; no separate OOS-developer clause),silent,silent,n/a,none,applies to GenAI released on or after 2022-01-01; first posting deadline 2026-01-01 (§ 3111),silent,silent,silent,silent,silent,silent (national-security exception if made available only to a federal entity — not a preemption clause),"AI: engineered or machine-based system that varies in autonomy and can, for explicit or implicit objectives, infer from input how to generate outputs that can influence physical or virtual environments. GenAI: AI that can generate derived synthetic content such as text, images, video, and audio that emulates the structure and characteristics of the AI’s training data (§ 3110)",silent,silent,silent,2026-09-02,"By 1 Jan 2026 and before each public California release or substantial modification of a GenAI system first released on or after 1 Jan 2022, the developer must post high-level training-data documentation covering dataset sources, types, IP/license status, personal information, processing, collection dates, and synthetic-data use. The posting duty is public and website-based. The chaptered bill as reviewed does not itself state a private right of action, statutory damages, or a named enforcer; those items are unconfirmed from the statute."
CA,"Cal. Bus. & Prof. Code §§ 22601–22606 (SB 243, Stats. 2025, ch. 677)",Companion chatbots,in force,2025-10-13,2026-01-01 (default non-urgency),2026-01-01; annual OSP reports begin 2027-07-01 (§ 22603),Operators that make a companion-chatbot platform available to a user in California,"Companion chatbot (anthropomorphic, relationship-sustaining GenAI); disclosure if a reasonable person would think it is human; self-harm protocol; extra minor safeguards",Not a companion chatbot: customer-service/ops/productivity bots; video-game bots limited to game topics; stand-alone speaker/voice-assistant devices that do not sustain a relationship or elicit emotional responses.,Private suit under § 22604–22605; other law remains cumulative. No exclusive public enforcer named in the chapter.,PRA,"$1,000 per violation or actual damages, whichever greater; plus injunctive relief and reasonable attorney's fees (§ 22605)",none in statute,https://leginfo.legislature.ca.gov/faces/billTextClient.xhtml?bill_id=202520260SB243,silent,"stacking — $1,000 per violation or actual, whichever greater (§ 22605); plaintiff is a person who suffers injury in fact",yes — injured person may recover reasonable attorney’s fees and costs (§ 22605(c)),silent,silent (none in chapter),operator: a person who makes a companion chatbot platform available to a user in the state (§ 22601(e)),silent (hook is making the platform available to a user in the state),silent,silent,n/a,none,silent,silent,silent,silent,civil-only,silent,"silent (sexually explicit conduct cross-cites 18 U.S.C. § 2256 — definitional, not preemption)","AI: engineered or machine-based system that varies in autonomy and can, for explicit or implicit objectives, infer from the input it receives how to generate outputs that can influence physical or virtual environments (§ 22601(a))",silent,silent,silent,2026-09-02,"Operators of companion-chatbot platforms must disclose that the bot is not human when a reasonable person would be misled, maintain and publish a protocol to prevent suicidal/self-harm content (including crisis-line referrals), and, for known minors, disclose AI use, remind every three hours, and block specified sexual content. Beginning 1 Jul 2027 operators must annually report crisis referrals and protocols to the Office of Suicide Prevention. A person who suffers injury in fact may sue for the greater of actual damages or $1,000 per violation, injunction, and fees."
CA,"Cal. Bus. & Prof. Code §§ 4999.8–4999.9 (AB 489, Stats. 2025, ch. 615)",Health care professions: deceptive AI terms or letters,in force,2025-10-11,2026-01-01 (default non-urgency),same as effective,"Persons/entities that develop or deploy AI or GenAI whose advertising or functionality uses healing-arts titles, letters, or phrases","AI/GenAI that implies licensed human health-care professional advice, care, reports, or assessments",Does not create a standalone insurance-code duty. Limited to terms regulated in BPC Division 2 (healing arts).,Appropriate health-care professional licensing board or enforcement agency; injunctive relief under BPC § 125.5. Also expands existing criminal title-use prohibitions.,none in this chapter,none specified in this chapter (each use is a separate violation; penalties track underlying healing-arts title statutes — amounts unconfirmed here),none in this chapter,https://leginfo.legislature.ca.gov/faces/billTextClient.xhtml?bill_id=202520260AB489,silent,silent,silent in this chapter (injunction under BPC § 125.5),silent,silent,silent in this chapter (developers/deployers of AI/GenAI using healing-arts titles; no in-state hook restated here),silent,silent,silent,n/a,none,silent,silent,silent,silent,also crime — act expands existing title-use crimes (reimbursement finding: creates a new crime/infraction or changes the definition of a crime),silent,silent,AI has the meaning in Gov. Code § 11546.45.5; GenAI has the meaning in Gov. Code § 11549.64 (§ 4999.8),silent,silent,silent,2026-09-02,"AB 489 makes existing healing-arts title-protection statutes enforceable against developers and deployers of AI/GenAI that use licensed titles in advertising or functionality, and independently prohibits AI from implying that care/advice is provided by a licensed natural person. Each use of a prohibited term is a separate violation. Boards may seek injunctions; the bill expands the scope of existing crimes rather than creating a consumer PRA."
CA,"Cal. Health & Safety Code § 1367.01(k); Cal. Ins. Code § 10123.135(j) (SB 1120, Stats. 2024, ch. 879)","Health coverage utilization review: AI, algorithms, and software tools",in force,2024-09-28,2025-01-01,same as effective,"Knox-Keene health care service plans (DMHC), including specialized plans, and disability insurers covering hospital/medical/surgical (CDI), plus UR/UM contractors and delegated medical groups/IPAs","AI, algorithm, or other software tool used for utilization review/management based in whole or in part on medical necessity",Medi-Cal managed care only to the extent DHCS obtains federal approvals and FFP is not jeopardized. Prayer/spiritual healing exception in HSC § 1367.01(m) remains. Does not recast a plan/insurer as a 'health care provider' for MICRA-type statutes.,DMHC Director (administrative penalties; medical survey) for plans; Insurance Commissioner (administrative penalties) for disability insurers. Willful Knox-Keene violation remains a crime.,none created by SB 1120 (existing Knox-Keene/Insurance Code remedies unconfirmed as a new PRA),none specified in the AI subdivisions; administrative penalties under existing UR statutes (amounts not restated in the AI add-on),none specific to the AI subdivisions,https://leginfo.legislature.ca.gov/faces/billTextClient.xhtml?bill_id=202320240SB1120,silent,silent,silent in the AI subdivisions,silent,silent in the AI subdivisions,silent in the AI add-on (Knox-Keene plans and specified disability insurers; no issued/delivered clause in SB 1120 text reviewed),silent,silent,silent,silent (no delivered/issued-in-state clause in the AI subdivisions; UR/UM of covered plans/insurers),none in the AI subdivisions,silent,silent,silent,silent,also crime — willful Knox-Keene violation remains a crime (existing overlay; SB 1120 does not restate it in the AI subdivisions),silent,silent (Medi-Cal only to the extent DHCS obtains federal approvals — not a preemption clause),"silent as a standalone AI definition; statute regulates an AI, algorithm, or other software tool used for UR/UM based in whole or in part on medical necessity",silent,silent,silent,2026-09-02,"Plans and disability insurers that use AI/algorithms/software for medical-necessity UR/UM, or that contract with entities that do, must base tool determinations on the individual clinical record (not solely a group dataset), apply criteria fairly and without unlawful discrimination, keep the tool auditable, disclose use in UR policies, and periodically review performance. The tool may not deny, delay, or modify services on medical necessity; only a licensed physician or competent licensed clinician may make that determination after reviewing the request and clinical history."
CA,"Cal. Health & Safety Code § 1339.75 (AB 3030, Stats. 2024, ch. 848)",Artificial intelligence in health care services (patient communications),in force,2024-09-28 (ch. 848),2025-01-01,same as effective,"Health facilities, clinics, physician offices, and group-practice offices that use GenAI to generate written or verbal patient communications about clinical information",GenAI-generated patient clinical communications (not mere billing/scheduling),"If a human licensed/certified provider reads and reviews the communication, the disclaimer/contact duties do not apply. Administrative/billing/scheduling communications are outside 'patient clinical information.'",CDPH facility/clinic licensing enforcement (HSC arts. starting §§ 1275 and 1225); Medical Board or Osteopathic Medical Board for physicians,none in this section,none in this section,none in this section,https://leginfo.legislature.ca.gov/faces/codes_displaySection.xhtml?lawCode=HSC&sectionNum=1339.75.,silent,silent,silent,silent,silent,"silent in § 1339.75 (health facilities, clinics, physician/group offices; no extra in-state hook)",silent,silent,silent,n/a,none,silent,silent,duties do not apply if a licensed/certified human provider reads and reviews the communication (§ 1339.75),silent,civil-only (existing facility/board enforcement; no new crime in this section),silent,silent,silent in this section beyond generative artificial intelligence used to generate patient clinical communications,silent,silent,silent,2026-09-02,"Covered providers that use GenAI to generate clinical patient communications must include a medium-specific disclaimer that the communication was AI-generated and clear instructions to reach a human. The duty does not apply if a licensed/certified human provider reads and reviews the output. Violations run through existing facility, clinic, and medical-board enforcement, not a new PRA."
CA,"Cal. Bus. & Prof. Code §§ 22757.10–22757.16; Cal. Lab. Code §§ 1107–1107.2 (SB 53, Stats. 2025, ch. 138)",Transparency in Frontier Artificial Intelligence Act,in force,2025-09-29,2026-01-01 (default non-urgency),same as effective (CalCompute consortium operative only upon appropriation),Frontier developers (foundation models trained above 10^26 FLOP); additional duties on large frontier developers (>$500M prior-year group revenue),"Frontier/foundation models and catastrophic-risk governance, transparency reports, critical-safety-incident reporting, whistleblower protections","Does not apply to the extent of a strict conflict with a federal-government contract or federal preemption. Preempts local catastrophic-risk rules adopted on/after 2025-01-01. Equity-value loss is not 'property' damage. Redactions allowed for trade secrets, cybersecurity, public safety, national security.",Attorney General (civil penalty for TFAIA noncompliance). OES receives incident/risk reports. Whistleblower civil action under Labor Code § 1107.1.,"none for the BPC transparency chapter; PAG/PRA for covered-employee whistleblower claims (Lab. Code § 1107.1, fees to successful plaintiff)","AG civil penalty not to exceed $1,000,000 per violation (severity-dependent) for specified TFAIA breaches. Whistleblower chapter: no liquidated amount; fees authorized.",none in BPC chapter,https://leginfo.legislature.ca.gov/faces/billTextClient.xhtml?bill_id=202520260SB53,silent,silent,yes — court may award reasonable attorney’s fees to a plaintiff who brings a successful whistleblower action (Lab. Code § 1107.1(f)); BPC AG penalties silent on private fees,silent,silent in BPC chapter,"silent (frontier/large-frontier developer definitions are compute/revenue, not residence)",silent,silent,silent,n/a,"frontier model: trained using computing power greater than 10^26 integer or floating-point operations; large frontier developer: >$500,000,000 prior-year group revenue (chaptered SB 53)",silent,silent,silent,yes — preempts any local rule/ordinance adopted on or after 2025-01-01 specifically related to regulation of frontier developers’ management of catastrophic risk (SB 53),civil-only (BPC civil penalty + labor whistleblower civil action),silent,"cite — act shall not apply to the extent it strictly conflicts with a federal-government-entity contract, and shall not apply to the extent it is preempted by federal law (SB 53)","frontier/foundation model: foundation model trained above 10^26 FLOP; foundation model = AI model trained on a broad data set, designed for generality of output, adaptable to a wide range of distinctive tasks (SB 53)",silent (framework/transparency reports are public-facing with redactions; no private-discovery clause),silent,silent as a year count (incident reporting windows 15 days / 24 hours),2026-09-02,"Large frontier developers must publish and follow a frontier AI framework covering catastrophic-risk thresholds, mitigations, third-party evaluation, cybersecurity of unreleased weights, and incident response, plus quarterly internal-use risk summaries to OES. All frontier developers must publish a transparency report on deploy and report critical safety incidents (15 days, or 24 hours if imminent death/serious injury). The AG may recover up to $1 million per violation of specified duties. Covered employees have anti-retaliation and anonymous internal-reporting rights; successful whistleblower plaintiffs may recover attorney's fees."
CA,"Cal. Lab. Code § 927 (AB 2602, Stats. 2024) — digital replica contract clause",Digital replica clauses in personal/professional services contracts,in force,2024 (chaptered; confirm exact day on LegInfo bill history),2025-01-01,Applies to new performances fixed on or after 2025-01-01,Parties to personal/professional services agreements that purport to authorize a digital replica of an individual's voice or likeness,Computer-generated highly realistic digital replica of voice/visual likeness used in lieu of the individual's performance,"Clause remains enforceable if specified conditions (including reasonably specific intended uses, and union representation where applicable) are met — exact remaining conditions should be read from § 927. First Amendment/work-consistent uses described in the statute.",Contract unenforceability (private litigation); no new public enforcer in the bill digest reviewed,PRA (as contract unenforceability / existing civil remedies); not a new statutory-damages PRA,"none in the bill text reviewed (unenforceability, not liquidated damages)",none,https://leginfo.legislature.ca.gov/faces/billTextClient.xhtml?bill_id=202320240AB2602,silent,silent,silent,silent,silent,silent,silent,silent,silent,n/a,none,unenforceability only as to a new performance fixed on or after 2025-01-01 (§ 927(a)),silent,clause remains enforceable if reasonably specific intended uses (or uses consistent with the contract and fundamental character) and specified counsel/union representation (§ 927(a)(2)–(3)),silent,civil-only (unenforceability),silent,silent,"n/a as AI/ADS — digital replica means a computer-generated, highly realistic electronic representation readily identifiable as the voice or visual likeness of an individual (§ 927(c))",silent,silent,silent,2026-09-02,"A contract clause that allows a new digital-replica performance of an individual, fixed on or after 1 Jan 2025, is unenforceable as to that replica if statutory conditions on consent and description of intended uses are not met. 'Digital replica' is a computer-generated highly realistic electronic representation readily identifiable as the person's voice or visual likeness. The remedy in the chaptered bill is unenforceability of the replica clause, not a new liquidated-damages PRA."
CA,"Cal. Civ. Code § 3344.1(a)(2) (AB 1836, Stats. 2024, ch. 258)",Deceased personality digital replica,in force,2024-09-17 (signed/chaptered),2025-01-01,same as effective (post-mortem right remains 70 years),"Persons who produce, distribute, or make available the digital replica of a deceased personality's voice or likeness in an expressive audiovisual work or sound recording without prior consent from the post-mortem rights holder (and, for professional musicians, exclusive recording/distribution counterparties per (n))",Deceased-personality digital replica in expressive AV works / sound recordings (computer-generated highly realistic voice or likeness),"News, public affairs, or sports; comment, criticism, scholarship, satire, or parody; documentary/historical/biographical representation (including some fictionalization) unless intended to and does create a false impression that the work is an authentic recording; fleeting/incidental use; ads for those exempt works. Advertising-media owners/employees lack liability without knowledge (§ 3344.1(l)). No express insurance/GLBA carve-out in text reviewed.",Private rights-holders (PRA),PRA,"Greater of $10,000 or actual damages suffered by a person controlling the rights to the deceased personality's likeness (§ 3344.1(a)(2)(A)(i)). Preexisting merchandise/ad cause of action remains greater of $750 or actual, plus profits/punitive/fees. No cure.",none,https://leginfo.legislature.ca.gov/faces/billTextClient.xhtml?bill_id=202320240AB1836,silent,prevailing party or parties; rights-holder controlling the deceased personality’s likeness (§ 3344.1),yes — prevailing party or parties entitled to attorney’s fees and costs (§ 3344.1),silent,silent (none),"quote — liability and damages arise from acts occurring directly in this state; acts giving rise to liability limited to use on or in products, merchandise, goods, or services, or the advertising or selling or soliciting of purchases of products etc. (§ 3344.1)",silent,silent,yes — liability/damages limited to acts occurring directly in this state (§ 3344.1),n/a,none,"quote — rights recognized by this section are expressly made retroactive, including to deceased personalities who died prior to January 1, 1985 (§ 3344.1(q))",silent,silent,silent,civil-only,silent,silent,n/a as AI/ADS — digital replica of deceased personality’s voice or likeness (computer-generated highly realistic),silent,silent,silent,2026-09-02,"AB 1836 adds Civ. Code § 3344.1(a)(2): producing, distributing, or making available a digital replica of a deceased personality's voice or likeness in an expressive audiovisual work or sound recording without specified prior consent is independently actionable. The plaintiff may recover the greater of $10,000 or actual damages. First Amendment-style exemptions are in (a)(2)(A)(ii). This is not a general deepfake-porn statute."
CO,C.R.S. §§ 6-1-1701 et seq. as reenacted by SB 26-189 (2026 Sess. Laws ch. 131); repeals/replaces SB 24-205,Automated Decision-Making Technology in Consequential Decisions,delayed,2026-05-14,2027-01-01,2027-01-01; applies to decisions on or after that date (developer documentation duties also start then),"Developers and deployers of covered ADMT that materially influences a consequential decision (education, employment, housing, financial/lending, insurance, health care, essential government services/public benefits)","Automated decision-making technology (predictions/recommendations/classifications/rankings/scores) that materially influences a consequential decision, including insurance","Session-law 6-1-1708(1)(a) (2026 Ch. 131): an insurer as defined in § 10-1-102(13) and affiliated entities subject to § 10-3-1104.9 ARE IN COMPLIANCE WITH THIS PART 17 IN THE PRACTICE OF INSURANCE. (1)(b) fallback: if not deemed in compliance, insurer still must give 6-1-1704(3) adverse-outcome notice to the extent applicable. (2) employment / employment-opportunity ADMT is NOT carved out. (6) GLBA is a disclosure limit (no duty to disclose nonpublic personal information in a manner that would violate GLBA), not an entity exemption. HIPAA covered entities/BAs: 6-1-1701–1706 do not apply except employment ADMT (health-care providers only if operating from a Colorado location). No <50-FTE deployer exemption (that SB 24-205 relief did not survive). No new PRA (6-1-1709).",Colorado Attorney General exclusive for the ADMT disclosure/consumer-rights duties (6-1-1706); violation = CCPA deceptive trade practice,none (6-1-1709: nothing in part 17 creates a new private right of action; AG exclusive for 6-1-1702–1705 via CCPA DTP),none private. Violation is a deceptive trade practice (6-1-105(1)(uuuu); 6-1-1706). CCPA AG civil penalties (commonly 6-1-112) — amounts not restated in Ch. 131.,"60-day notice-and-cure if cure is possible, for AG actions initiated before 2030-01-01 (legislative summary)",https://www.leg.colorado.gov/bills/sb26-189,silent (no class bar/invitation; 6-1-1706(6) preserves CRCP 19/20 joinder for existing-law actions),no new PRA (6-1-1709 / 6-1-1706(4)); CRCP 19 and 20 joinder allowed in actions arising under existing law (6-1-1706(6)); fault allocated by relative fault; no new joint-and-several (6-1-1707),silent in part 17 (CCPA AG enforcement vehicle),silent,"60-day AG notice-and-cure if AG deems cure possible, before enforcement; not required if knowing or repeated violation; subsection (3) repeal 2030-01-01 (6-1-1706(3))","deployer = person doing business in Colorado that deploys a covered ADMT; developer = person doing business in Colorado that develops/offers/sells/leases/licenses covered ADMT; consumer includes employee, CO-resident job applicant, and any individual whose access/eligibility/opportunity in Colorado is evaluated in a consequential decision by a person doing business in Colorado (6-1-1701)",silent as a labeled OOS-developer clause (hook is doing business in Colorado),silent,silent,"silent (insurance is a covered domain including underwriting, pricing, coverage, claims adjudication; 6-1-1708 deemed-compliance for 10-3-1104.9 insurers in the practice of insurance — no issued/delivered clause)",none (no <50-FTE deployer exemption in Ch. 131),applies to decisions on or after 2027-01-01 (session law),silent,silent,silent,civil-only (CCPA DTP / AG),silent,"silent (GLBA cited as a disclosure limit, 6-1-1708(6); FERPA/HIPAA exemptions — not a preemption clause)",covered ADMT: automated decision-making technology used to materially influence a consequential decision (predictions/recommendations/classifications/rankings/scores) (6-1-1701),silent (developer/deployer must retain compliance records >=3 years; no private-discovery clause; no PRA),yes — developer-deployer indemnity for own acts/omissions related to ADMT use in CADA/other CO anti-discrimination violations is contrary to public policy and void (6-1-1707(7)),"developer: not less than 3 years after creation of a record required under 6-1-1702; deployer: not less than 3 years after the date of a consequential decision (6-1-1702(4), 6-1-1703)",2026-09-02,"SB 26-189 repeals the never-operative 2024 high-risk AI act and, effective 1 Jan 2027, regulates ADMT used to materially influence consequential decisions, expressly including insurance. Insurers subject to § 10-3-1104.9 are in compliance with part 17 in the practice of insurance (6-1-1708(1)(a)); employment ADMT remains covered; GLBA limits disclosures rather than exempting the entity. 6-1-1709: no new PRA. AG enforces as a deceptive trade practice, with a 60-day cure before 2030 if cure is possible."
CO,C.R.S. §§ 6-1-1701 et seq. as originally added by SB 24-205 (2024); delayed by SB 25B-004; repealed/replaced by SB 26-189,Consumer Protections for Artificial Intelligence (original Colorado AI Act),sunset (repealed/replaced before becoming operative),2024-05-17,Originally 2026-02-01; postponed to 2026-06-30 by 2025 extraordinary-session bill,"Never operative. Replaced 2026-05-14, before the postponed 2026-06-30 date.",Would have covered developers and deployers of high-risk AI systems used in consequential decisions,High-risk AI / algorithmic discrimination (historical only),n/a — not in force,n/a,none (was AG-only in the 2024 act),none,n/a,https://leg.colorado.gov/sites/default/files/2024a_205_signed.pdf,silent,no PRA (original 6-1-1706(6): part 17 not a basis for and not subject to a private right of action),silent,silent,affirmative defense if discover-and-cure via feedback/red-team/internal review and NIST/ISO 42001 (or designated) RMF (original 6-1-1706(3)) — not a pre-suit notice period,consumer = Colorado resident; deployer/developer = person doing business in this state (original 6-1-1701),silent (doing business in this state),silent,silent,n/a (never operative; original 6-1-1705(7) deemed insurers in full compliance if subject to 10-3-1104.9),<50 FTE deployer exemption from specified IA/risk-policy duties if other conditions met (original 6-1-1703(6)),never operative; duties were slated on/after 2026-02-01 then postponed; repealed/replaced 2026-05-14,silent,NIST AI RMF / ISO 42001 (or designated equivalent) as affirmative defense to AG action (original 6-1-1706(3)),silent (original 6-1-1706(5): AG exclusive enforcement does not preempt other rights/claims),civil-only,silent,silent (federal-agency-approved systems and HIPAA covered-entity health recommendations carved out),"AI system: any machine-based system that, for any explicit or implicit objective, infers from the inputs the system receives how to generate outputs, including content, decisions, predictions, or recommendations, that can influence physical or virtual environments (original 6-1-1701(2))",no as to CORA — IA/risk policy disclosed to AG are not subject to Colorado Open Records Act; AG disclosure does not waive attorney-client/work product (original 6-1-1703(9)). Statute silent on private-suit discovery (and there was no PRA).,silent,IA and related records at least 3 years following final deployment (original 6-1-1703(3)(f)),2026-09-02,"Colorado's 2024 high-risk AI consumer statute was signed 17 May 2024 with a 1 Feb 2026 effective date, later pushed to 30 Jun 2026. A federal challenge and stay in spring 2026 preceded SB 26-189, which repealed and reenacted part 17 before either date arrived. Do not treat SB 24-205 as a current holding; the operative regime, when it starts, is SB 26-189."
CO,C.R.S. § 10-3-1104.9 (SB 21-169),"Insurers' use of ECDIS, algorithms, and predictive models — unfair discrimination prohibited",in force,2021 (SB 21-169; signed 2021),2021 (statute); implementing rules not effective before 2023-01-01,"Direct unfair-discrimination ban in force; testing/governance duties operate through Division of Insurance rules by line (life, PPA auto, health benefit plans among those with adopted rules)","Insurers as to insurance practices (marketing, underwriting, pricing, utilization management, reimbursement, claims)",External consumer data and information sources and algorithms/predictive models using ECDIS that unfairly discriminate on listed protected classes,"Title insurance; surety bonds under part 3 of art. 4 of title 10; commercial policies except BOP/CGL with annual premium of $10,000 or less. Does not require collection of race etc. Does not, standing alone, prohibit specified traditional medical/family/occupational underwriting for life/annuity/LTC/disability unless those factors sit inside a tested ECDIS model.",Commissioner of Insurance (examine/investigate under § 10-3-1106; part 11 unfair-practices orders/penalties),none created by § 10-3-1104.9 (confidentiality of filings vs private discovery is express),none in this section,Rules must include a reasonable period for insurers to remedy unfairly discriminatory impact (§ 10-3-1104.9(3)(c)(I)),https://leg.colorado.gov/sites/default/files/2021a_169_signed.pdf,silent,silent,silent in § 10-3-1104.9,silent,rules must include a reasonable period for insurers to remedy unfairly discriminatory impact (§ 10-3-1104.9(3)(c)(I)),silent as a residence clause (insurer insurance practices); legislative declaration refers to Colorado residents’ access to insurance products,silent,silent,silent,"claims — insurance practice means marketing, underwriting, pricing, utilization management, reimbursement methodologies, and claims management in the transaction of insurance (§ 10-3-1104.9(8)(c)); issued/delivered-in-state silent","none (line carve-outs are title, surety, most commercial; small BOP/CGL with annual premium <=$10,000 remain in)",silent (rules not effective before 2023-01-01),silent,rules must allow use of ECDIS/models previously assessed by the Division and found not unfairly discriminatory (§ 10-3-1104.9(3)(c)(II)),silent,civil-only in this section (DOI examine/unfair-practices tools),silent,silent,algorithm: computational or machine learning process that informs human decision making in insurance practices; predictive model: mathematical/computational methods examining datasets for patterns and calculating probability of an outcome (§ 10-3-1104.9(8)),"no — filings obtained/created/disclosed pursuant to this section are confidential/privileged, not CORA, not subject to subpoena, and not subject to discovery or admissible in any private civil action (§ 10-3-1104.9(3)(d))",silent,silent as a year count (risk-management framework on a continuous basis),2026-09-02,"In addition to existing unfair-discrimination bans, an insurer may not, pursuant to commissioner rules, use ECDIS or algorithms/predictive models using ECDIS in a way that unfairly discriminates on race, color, national/ethnic origin, religion, sex, sexual orientation, disability, gender identity, or gender expression. Unfair discrimination includes a disproportionate negative outcome exceeding a reasonable correlation to losses/costs. Title, surety, and most commercial lines are out; small BOP/CGL remain in. Governance, testing, officer attestation, and confidential DOI filings run through rules."
CO,C.R.S. art. 46 of title 1 (§§ 1-46-101 et seq.) (HB 24-1147),Candidate election deepfake disclosures,in force,2024-05-24,2024-07-01,same as effective,Persons who distribute/disseminate/publish/broadcast/transmit/display a communication concerning a candidate that includes a deepfake to the relevant electorate in the 60 days before a primary or 90 days before a general election,"AI-generated or substantially altered deepfake depicting a candidate saying or doing something the candidate did not, if the distributor knows or recklessly disregards that fact, without required disclosure",Statutory exceptions in § 1-46-103(2)–(3) (satire/news/etc.) — read the session law for the exact list. ISP-style intermediaries not fully confirmed in this pass.,Secretary of State campaign-finance complaint process (cross-cite to § 1-45-111.7). Candidates have a private cause of action (bill title and § structure).,PAG (candidates depicted; injunctive and damages — exact damage formula should be confirmed in §§ 1-46-104/105 session law),unconfirmed from full article text in this pass (secondary sources cite SOS civil penalties of at least $100 unpaid / 10% of spend for paid ads — do not treat as holding until session-law sections are quoted),Campaign-finance cure mechanics in § 1-45-111.7 may apply to SOS complaints; unconfirmed as to the private action,https://leg.colorado.gov/sites/default/files/2024a_1147_signed.pdf,silent,PAG — candidate whose appearance/action/speech is depicted may sue (1-46-105); any person may file SOS complaint (1-46-104 / 1-45-111.7),"yes — candidate may seek reasonable attorney fees, filing fees, and costs (1-46-105(1)(c))",silent,campaign-finance complaint process in 1-45-111.7 (curing violations heading) applies to SOS complaints; silent as a private-action cure,"communication concerning a candidate distributed to an audience that includes members of the electorate for that office, 60 days before a primary or 90 days before a general (1-46-103); candidate includes persons seeking federal public office in this state (1-46-102(2))",silent (does not apply to the provider of technology used in creating a deepfake (1-46-103(3)(f))),silent,silent,n/a,none,applies to communications distributed on or after 2024-07-01 (act §4),silent,disclosure statement safe path (1-46-103(2)); news/satire/paid-broadcaster/ICS exceptions (1-46-103(3)),silent,also crime — nothing exempts criminal liability under 1-13-109 or other law (1-46-106(2)); civil PRA also exists,silent,cite — does not alter 47 U.S.C. § 230 rights/immunities and shall be construed consistent with federal law (1-46-103(3)(a)); FCC size/duration/placement if applicable (1-46-103(2)(b)(VI)),"generative AI: an AI system capable of generating novel image, video, audio, multimedia, or text content based on prompts or other data; deepfake: AI-generated content that falsely appears authentic and depicts an individual saying or doing something they did not (1-46-102)",silent,silent,silent,2026-09-02,"Colorado prohibits, near elections, distribution of a candidate deepfake to the relevant electorate if the person knows or recklessly disregards that the candidate did not say or do what is depicted, unless the required disclosure is made. The Secretary of State may hear complaints through the campaign-finance statute, and the act creates a private cause of action for candidates. Precise civil-penalty math was not confirmed from the full article text in this pass and is marked unconfirmed."
CO,HB 26-1263 (2026 Sess. Laws ch. 208) — Chatbot Safety Act; session law amends 6-1-1701 definitions and adds a new 6-1-1708 that collides with SB 26-189's 6-1-1708 (insurer/HIPAA/GLBA). Cite the chapter until the Revisor recodifies.,Chatbot Safety Act,delayed (operator duties 2027-01-01; act itself 2026-08-12 petition),2026-05-29 (signed); Ch. 208,2026-08-12 (petition clause for the act),Operator duties on and after 2027-01-01; annual AG reports on and after 2027-07-01,"Operators that develop and make publicly available a conversational AI service, or offer one to a consumer. Not app stores/search engines merely listing the service.",Public conversational AI: age estimation; minor protections; disclose that the user is interacting with AI; suicide/self-harm protocols; ban representing outputs as licensed health/legal/mental-health/dietitian services,App-store/search listing; trade-secret limit; constitutional content-moderation limit; abortion-information access (Colo. Const. art. II §32) not to be limited. No insurance/GLBA entity carve-out in this act (do not confuse with SB 26-189's colliding 6-1-1708 insurer deemed-compliance section).,Colorado AG via CCPA part 17 (SB 26-189 makes part 17 a DTP under 6-1-105(1)(uuuu)). No new PRA in HB 26-1263.,none (no new PRA in the act; part 17 DTP / AG),"none private. If enforced as a CCPA DTP, AG civil penalties/injunction (not a consumer liquidated-damages PRA).",unconfirmed in Ch. 208 itself; part 17 60-day cure in SB 26-189 applies to specified ADMT duties before 2030 — do not assume it covers chatbot operator duties without the recodified section,https://leg.colorado.gov/bills/hb26-1263,silent,no new PRA in the act; part 17 AG/DTP vehicle,silent,silent,silent in Ch. 208 itself (do not import SB 26-189 60-day cure without recodified section),"operators that develop and make publicly available a conversational AI service, or offer one to a consumer (Ch. 208; definitions added to 6-1-1701)",silent,silent,silent,n/a,none,operator duties on and after 2027-01-01; act petition-effective 2026-08-12,silent,silent (does not require disclosure of trade secrets / info protected by state or federal law),silent,civil-only (no new PRA; AG/part 17),silent,silent (HIPAA CE/BA use excluded from conversational-AI definition; constitutional content-moderation limit),conversational artificial intelligence service (definitions added to 6-1-1701 by Ch. 208) — read session law for the full operator definition,silent,silent,silent,2026-09-02,"HB 26-1263 (Ch. 208) regulates public conversational AI operators beginning 1 Jan 2027 (disclosure, minor protections, crisis protocols, ban on implying licensed professional output). It sits in CCPA part 17 with no new PRA. Session law 'adds 6-1-1708,' which collides with SB 26-189's 6-1-1708 insurer/HIPAA/GLBA section; cite chapters until recodified. App stores that merely list a service are out."
IL,740 ILCS 14/1–25 (BIPA; SB 2979 / P.A. 103-0769 (2024) amending damages),Biometric Information Privacy Act,in force,2008 (original); damages amendment signed 2024-08-02,"2008 (original); 2024-08-02 (SB 2979, immediate)",same,"Private entities that possess, collect, capture, purchase, receive through trade, or otherwise obtain biometric identifiers/information of Illinois persons (and that disclose/sell them)","Biometric identifiers (retina/iris scan, fingerprint, voiceprint, scan of hand or face geometry) and biometric information — highly relevant to AI face/voice systems. Excludes writing samples, photos as such, donated organs, etc. per § 10.",Government agencies; financial institutions subject to Title V of GLBA (740 ILCS 14/25); contractors of those entities in some circumstances. HIPAA/health-care exceptions in § 10 definitions. 2024 amendment: repeated collection or disclosure of the same biometric of the same person by the same method is one violation for damages.,Private plaintiffs (circuit court or supplemental federal claim). No exclusive AG PRA substitute.,PRA,"$1,000 liquidated or actual, whichever greater, per negligent violation; $5,000 liquidated or actual, whichever greater, per intentional/reckless violation; plus fees/costs and injunction. Cap: at most one recovery per person for repeated same-method collection or same-recipient disclosure of the same biometric (14/20(b)–(c)).",none in the Act,https://www.ilga.gov/legislation/ilcs/ilcs3.asp?ActID=3004&ChapterID=57,silent (no class bar or invitation in the Act),one-recovery — repeated same-method collection of the same biometric of the same person is a single §15(b) violation with at most one recovery; same-recipient disclosure of the same biometric is a single §15(d) violation with at most one recovery (740 ILCS 14/20(b)–(c)),yes — prevailing party may recover reasonable attorneys' fees and costs (14/20),silent,silent (none in the Act),silent as a statutory residence/transaction clause (legislative findings mention locations in this State; private entity is not geographically limited in §10),silent,silent,silent,n/a,none,2024 damages amendment (P.A. 103-0769) effective 2024-08-02; silent as to pre-2008 conduct,silent in the Act,silent,silent,civil-only,silent,cite — shall not be deemed to apply to a financial institution or affiliate subject to GLBA Title V (14/25(c)); shall not be construed to conflict with HIPAA or the X-Ray Retention Act (14/25(b)),"n/a as AI/ADS — biometric identifier (retina/iris scan, fingerprint, voiceprint, scan of hand or face geometry) and biometric information (14/10)",silent (14/25(a): nothing impacts admission or discovery of biometrics in any action),silent,"public written retention schedule and destruction when purpose satisfied or within 3 years of last interaction, whichever earlier (14/15(a))",2026-09-02,"BIPA requires a public retention/destruction schedule, written notice and a release before collection, a prohibition on sale, and disclosure limits for biometric identifiers and information. Aggrieved persons may sue for the greater of actual or liquidated damages ($1,000 negligent / $5,000 intentional or reckless), fees, and an injunction. The 2024 amendment, effective 2 Aug 2024, treats repeated same-method collections or same-recipient disclosures of the same person's biometric as a single recoverable violation. GLBA-covered financial institutions are carved out."
IL,"775 ILCS 5/2-102 (as amended by HB 3773, P.A. 103-0804)",Illinois Human Rights Act — AI in employment,in force,2024-08-09 (approved),2026-01-01,same as effective,"Employers subject to the IHRA Employment Article, as to recruitment, hiring, promotion, renewal, training/apprenticeship selection, discharge, discipline, tenure, and terms/conditions","Use of artificial intelligence (including generative AI, as defined in the Public Act) that has the effect of subjecting employees to discrimination, or use of zip codes as a proxy for protected classes; notice that AI is being used",Does not itself create an insurance-underwriting duty. IDHR was directed to adopt notice rules; proposed 2026 Subpart J rules were withdrawn — statutory duties still in force.,Illinois Department of Human Rights / Human Rights Commission (charge process). Civil penalties under later IHRA penalty amendments are a separate act (P.A. 104-0425 cited in secondary sources) — confirm before quoting amounts.,PAG (IHRA charge then civil action; not a direct statutory PRA like BIPA),unconfirmed in the AI amendment itself (IHRA remedies/penalties are the vehicle; do not import BIPA numbers),unconfirmed in HB 3773 text reviewed (IDHR notice-rule timing still open),https://ilga.gov/legislation/publicacts/103/PDF/103-0804.pdf,silent,PAG — IHRA charge then civil action (not a BIPA-style direct PRA); AI amendment itself silent on class,silent in HB 3773 / P.A. 103-0804 (IHRA fee rules are outside this amendment),silent,silent in the AI amendment (IDHR directed to adopt notice rules),employee includes an individual performing services for remuneration within this State (existing 2-101); employer includes a person employing one or more employees within Illinois during 20 or more calendar weeks,silent,silent,silent,n/a,IHRA employer: one or more employees within Illinois during 20 or more calendar weeks (existing 2-101 — not unique to the AI amendment),AI duties effective 2026-01-01,silent in the AI amendment (IHRA charge periods are outside this Public Act),silent,silent,civil-only (civil-rights violation),silent,silent,"artificial intelligence (including generative AI) as defined in the Public Act — use that has the effect of subjecting employees to discrimination, or zip codes as a proxy (2-102 as amended)",silent,silent,silent,2026-09-02,"Effective 1 Jan 2026, it is a civil-rights violation for an employer to use AI that has the effect of subjecting employees to discrimination on IHRA-protected bases in listed employment decisions, or to use zip codes as a proxy for those classes, and for an employer to fail to provide notice that it is using AI. Enforcement is through the Human Rights Act (IDHR charge, Commission, courts), not a BIPA-style direct PRA. Implementing notice rules were proposed then withdrawn in 2026; the statute remains in force."
IL,"820 ILCS 42/ (AI Video Interview Act, P.A. 101-0260 as later amended)",Artificial Intelligence Video Interview Act,in force,2019 (P.A. 101-0260),2020-01-01,same,Employers that ask applicants to record video interviews and use AI to analyze the applicant-submitted videos,"AI analysis of applicant video interviews (notice, explanation of how AI works, consent before analysis; limited sharing; deletion on request within 30 days under later amendments — confirm current deletion subsection)","Limited to the video-interview use case, not general HR AI (that is HB 3773).",unconfirmed from full Act text in this pass (no well-known AG exclusive clause),unconfirmed,unconfirmed (none identified in this pass),unconfirmed,https://www.ilga.gov/legislation/ilcs/ilcs3.asp?ActID=3998&ChapterID=68,silent,silent,silent in 820 ILCS 42 as compiled,silent,silent,silent (employers asking applicants to record video interviews and using AI to analyze them; no extra in-state hook in the Act text reviewed),silent,silent,silent,n/a,none,silent,silent,silent,silent,silent,silent,silent,silent beyond artificial intelligence analysis of applicant-submitted video interviews,silent,silent,deletion of applicant videos on request within 30 days under later amendments — confirm current subsection; not a general years-long retention duty,2026-09-02,"Illinois requires employers who use AI to analyze applicant video interviews to notify applicants, explain how the AI works and what characteristics it uses, and obtain consent before the analysis. Sharing limits and a deletion-on-request duty appear in the Act as amended. Private-suit and damages fields were not confirmed from a clean official compilation in this pass and are marked unconfirmed."
IL,"815 ILCS 550/ (Digital Voice and Likeness Protection Act, P.A. 103-0830 / related 2024 acts)",Digital Voice and Likeness Protection Act,in force,2024 (P.A. 103-0830 family; confirm companion HB 4875 publicity amendments),See Act: replica-clause unenforceability for new performances fixed on or after 2026-01-01 (815 ILCS 550/10 as displayed on ILGA),2026-01-01 for the unenforceable-agreement rule,Parties to personal/professional services agreements that authorize creation/use of a digital replica of an individual,AI/algorithm digital replica of an actual individual's identity fixed in a sound recording or audiovisual work so realistic a reasonable observer would believe it is that individual's performance,Unenforceability is limited to the replica clause for new performances meeting the statutory conditions (analogous to CA AB 2602). News/commentary exceptions unconfirmed in this pass.,Contract unenforceability; additional publicity-act remedies if HB 4875/Right of Publicity amendments apply — confirm companion act before quoting damages,PRA as to unenforceability; additional publicity PRA unconfirmed in this row,"unconfirmed in 815 ILCS 550 as displayed (unenforceability, not a liquidated-damages section in the excerpt reviewed)",none identified,https://www.ilga.gov/legislation/ilcs/ilcs3.asp?ActID=4531&ChapterID=67,silent,silent,silent (unenforceability statute),silent,silent,silent,silent,silent,silent,n/a,none,unenforceable-agreement rule for new performances fixed on or after 2026-01-01 (815 ILCS 550/10),silent,silent in 815 ILCS 550 as displayed (conditions analogous to CA § 927 live in the agreement-unenforceability rule),silent,civil-only (unenforceability),silent,silent,digital replica of an actual individual's identity fixed in a sound recording or audiovisual work so realistic a reasonable observer would believe it is that individual's performance (815 ILCS 550/5 family),silent,silent,silent,2026-09-02,"Illinois's Digital Voice and Likeness Protection Act defines AI and digital replica and makes specified contract clauses unenforceable as they relate to a new digital-replica performance fixed on or after 1 Jan 2026. The ILGA compilation excerpt reviewed is an unenforceability statute, not a BIPA-style liquidated-damages PRA. Companion right-of-publicity amendments (often cited as HB 4875) should be read before asserting a damages number."
IL,"765 ILCS 1075/ (Right of Publicity Act as amended by HB 4875, P.A. 103-0836)",Right of Publicity Act — unauthorized digital replicas,in force,2024 (P.A. 103-0836),2025-01-01,2025-01-01; 1075/35(d) — 103rd GA amendments do not apply to actions filed or pending before that date,"Persons using identity for commercial purposes; persons who knowingly distribute, transmit, or make available to the general public a sound recording or audiovisual work with actual knowledge it contains an unauthorized digital replica; persons who materially contribute to, induce, or facilitate a §30(b) violation after actual knowledge","Digital replica / generative AI of an individual's voice, image, or likeness in a work in which the individual did not actually perform",News/public affairs/sports/political campaign; specified documentary/historical uses unless false-impression of authenticity; comment/criticism/scholarship/satire/parody; photographer portfolio; 47 U.S.C. § 230 construction; 17 U.S.C. § 512-style safe harbor for storage/transmission (1075/30(e)–(g)). Service providers and data centers limited in the 'person' definition for §30(b)/(d). No GLBA/insurance/small-biz headcount carve-out.,"Private — individual, transferee, post-mortem holders; recording artists and exclusive audio licensees (1075/20(a-5))",PRA,"Greater of (1) actual damages, profits, or both, or (2) $1,000; punitive if willful (1075/40). Injunction available. Not a per-work BIPA schedule.",none,https://www.ilga.gov/documents/legislation/ilcs/documents/076510750K30.htm,silent,identity holder; recording artists and exclusive audio licensees (1075/20(a-5)); silent on class,"yes — court may award prevailing party reasonable attorney's fees, costs, and expenses (1075/55)",silent,silent (none),silent in §§30/40 as compiled (commercial use of identity; knowing distribution of a work containing an unauthorized digital replica),silent,silent,silent,n/a,none,103rd GA amendments do not apply to actions filed or pending before 2025-01-01 (1075/35(d)),silent in the compiled sections reviewed,17 U.S.C. § 512 elements incorporated mutatis mutandis for unauthorized-digital-replica claims (1075/30(f)); news/satire/documentary exemptions,silent,civil-only,silent,cite — nothing in this Act may be construed in a manner inconsistent with 47 U.S.C. § 230 or any other federal law (1075/30(g)),"digital replica / generative AI of an individual's voice, image, or likeness in a work in which the individual did not actually perform (P.A. 103-0836)",silent,silent,silent,2026-09-02,"P.A. 103-0836 adds digital-replica liability to Illinois's Right of Publicity Act. Knowingly distributing a sound recording or audiovisual work that contains an unauthorized digital replica is actionable. The identity holder (and specified recording-industry counterparties) may recover the greater of actual damages plus profits or $1,000, and punitive damages if the violation is willful. News/satire/documentary and § 230/512-style safe harbors apply. There is no insurance or GLBA carve-out."
IL,"740 ILCS 190/ (Civil Remedies for Nonconsensual Dissemination of Private Sexual Images Act; digitally-altered hook P.A. 103-0294, further am. P.A. 103-571)",Civil NCII — digitally altered sexual images,in force,P.A. 103-0294 (digitally altered hook),2024-01-01 (deepfake civil hook),same as effective,"Person over the age of 18 who intentionally disseminates or threatens dissemination of a private or intentionally digitally altered sexual image without consent, with knowledge or reckless disregard",Digitally altered sexual image created or substantially altered so it would falsely appear authentic to a reasonable person; disclosing that the image was digitally altered is not a defense (190/10(c)),"Good-faith law enforcement, legal proceeding, medical education/treatment; good-faith reporting of unlawful or unsolicited conduct; matter of public concern (not solely because the person is a public figure); limited parent/guardian exception; interactive computer service for content of another. No GLBA/insurance/small-biz carve-out.",Depicted individual (PRA). SOL generally 2 years from discovery of dissemination or from threat (190/30).,PRA,"Greater of actual economic/noneconomic (incl. emotional distress) or statutory damages not to exceed $10,000 against each defendant for all disseminations/threats known at filing or during the action; plus defendant's monetary gain; punitive; fees/costs; injunction (190/25). Cap is per defendant for all known disseminations — not per-image BIPA math.",none,https://www.ilga.gov/Legislation/ILCS/Articles?ActID=4035&ChapterID=57,silent,"one-recovery/stacking — statutory damages not to exceed $10,000 against each defendant for all disseminations/threats known at filing or during the action (190/25)",yes — reasonable attorney's fees and costs (190/25),silent,silent (none),silent as a residence clause (person over 18 who disseminates; depicted individual is the plaintiff),silent,silent,silent,n/a,none,digitally altered hook P.A. 103-0294 effective 2024-01-01,generally not later than 2 years from the date the dissemination was discovered or should have been discovered with reasonable diligence; threat actions keyed to the threat (190/30),ICS not liable for content of another; good-faith LE/legal/medical/public-concern exceptions (190/20 family),silent,civil-only in 740 ILCS 190 (separate criminal NCII chapters not this row),silent,silent,intentionally digitally altered sexual image created or substantially altered so it would falsely appear authentic to a reasonable person; disclosing alteration is not a defense (190/10(c)),silent,silent,silent,2026-09-02,"Illinois's civil NCII statute reaches intentionally digitally altered sexual images. The depicted person may recover the greater of actual damages (including emotional distress) or statutory damages capped at $10,000 per defendant for all known disseminations, plus the defendant's monetary gain, punitive damages, fees, and an injunction. A disclaimer that the image was altered is not a defense. There is no insurance or GLBA carve-out."
IL,"225 ILCS 155/ (Wellness and Oversight for Psychological Resources Act, HB 1806 / P.A. 104-0054)",Wellness and Oversight for Psychological Resources Act,in force,2025-08-01 (P.A. 104-0054; takes effect upon becoming law),2025-08-01,same as effective,"Individuals, corporations, or entities providing, advertising, or offering therapy or psychotherapy to the public in Illinois, including through Internet-based artificial intelligence; licensed professionals (enumerated list except physicians) when using AI","AI / chatbot therapy: ban on offering therapy via AI unless conducted by a licensed professional; licensed professionals may not allow AI to make independent therapeutic decisions, directly interact in therapeutic communication, generate unreviewed treatment plans, or detect emotions or mental states",Religious counseling; peer support; self-help/educational materials that do not purport to offer therapy (155/35). Physicians excluded from 'licensed professional' for this Act. No GLBA/insurance/small-biz carve-out.,IDFPR (investigate; civil penalty after 2105-100 hearing). Penalty order is a judgment payable within 60 days.,none (no PRA in the Act; agency civil penalty only),"IDFPR civil penalty not to exceed $10,000 per violation, based on degree of harm and circumstances. Not a private liquidated-damages PRA.",60 days to pay after the Department order (not a pre-suit cure),https://www.ilga.gov/Legislation/PublicActs/PrinterFriendly/104-0054,silent,silent,silent (IDFPR civil penalty after hearing),silent,60 days to pay after the Department order (not a pre-suit cure),"offering therapy/psychotherapy to the public in this State, including through Internet-based AI (P.A. 104-0054)",silent (hook is to the public in this State),silent,silent,n/a,none,takes effect upon becoming law 2025-08-01,silent,religious counseling / peer support / self-help that does not purport to offer therapy (155/35),silent,civil-only (IDFPR civil penalty),silent,silent,Internet-based artificial intelligence used to provide/advertise/offer therapy or psychotherapy; licensed professionals may not allow AI to make independent therapeutic decisions or directly interact in therapeutic communication,silent,silent,silent,2026-09-02,"WOPR, in force 1 Aug 2025, prohibits offering therapy or psychotherapy to the Illinois public via internet AI unless a licensed professional conducts it, and restricts how licensed professionals (other than physicians) may use AI in therapeutic work. IDFPR may assess a civil penalty of up to $10,000 per violation after hearing. The Act does not create a private right of action and has no insurance or GLBA carve-out."
IL,"Artificial Intelligence Safety Measures Act, SB 315 / P.A. 104-0538 (compiled ILCS chapter not in the ILCS tree as of 2026-09-02; use the Public Act). AI defined by cross-reference to 815 ILCS 550/5.",Artificial Intelligence Safety Measures Act,delayed,2026-07-06 (Governor approved),2027-01-01 (§99),"Large-frontier-developer disclosure + fee (§18) beginning 2027-01-01; frontier AI framework (§10(a)) and annual independent third-party audit (§10(d)) beginning 2028-01-01 or 90 days after first qualifying as a large frontier developer, whichever is later","Frontier developers (train/initiate training of a frontier model). Heightened duties on large frontier developers: with affiliates, prior-year annual gross revenues in excess of $500,000,000. Frontier model: foundation model trained using computing power greater than 10^26 integer or floating-point operations.","Frontier-model safety framework, transparency reports, critical safety incident reporting to IEMA/OHS in consultation with the AG, whistleblower protections",De facto small-developer exclusion via compute + $500M large-developer trigger for the heavy duties. No GLBA or Insurance Code exemption. Home-rule preemption of local frontier-model regulation (§35).,"Attorney General recovers §25 penalties exclusively. IEMA administers disclosure and may levy $1,000/day plus unpaid assessments for §18 filing failures after notice and hearing.",none (AG-only; §25(d) nothing in this Act shall be construed to establish a private right of action),"AG civil penalty not exceeding $1,000,000 first violation / $3,000,000 each subsequent; plus $1,000 per day for §18 disclosure failures/false information. Not private damages.",unconfirmed as a general pre-suit cure; §18 daily penalty follows notice and hearing,https://www.ilga.gov/Documents/Legislation/PublicActs/104/PDF/104-0538.pdf,silent,none — §25(d) nothing in this Act shall be construed to establish a private right of action,silent (AG civil penalties),silent,§18 daily penalty follows notice and hearing; silent as a general pre-suit cure,large frontier developer disclosure includes address of each office maintained in this State (§18 filing contents) — not a coverage hook; coverage is compute/revenue,silent,silent,silent,n/a,"frontier model: foundation model trained using computing power greater than 10^26 integer or floating-point operations; large frontier developer: with affiliates, prior-year annual gross revenues in excess of $500,000,000","effective 2027-01-01; framework/audit 2028-01-01 or 90 days after first qualifying as a large frontier developer, whichever later",silent,declared compliance with designated federal law/regulation/guidance can satisfy the Act until revoked; failure to meet the designated federal standard is a violation of this Act,yes — regulation of AI frontier models is an exclusive power of the State; denial and limitation of home-rule powers under Ill. Const. art. VII §6(h) (Section 35),civil-only (AG penalties; §25(d) no PRA),silent,cite — federal-compliance declaration path; redactions to comply with federal or State law; lawful activity of the federal government excluded from certain harm definitions,frontier model: foundation model trained using computing power greater than 10^26 integer or floating-point operations (P.A. 104-0538); AI defined by cross-reference to 815 ILCS 550/5,silent,silent,unredacted independent-audit report retained as long as a frontier model is deployed plus 5 years; unredacted redaction-justifying information retained 5 years,2026-09-02,"AISMA, approved 6 Jul 2026 and effective 1 Jan 2027 (framework/audit 1 Jan 2028), is Illinois's frontier-model safety statute. Large frontier developers (>$500M revenue, >10^26 FLOPs) must publish a safety framework, obtain independent audits, and report critical safety incidents. The AG sues exclusively for civil penalties of up to $1 million (first) / $3 million (subsequent), plus $1,000/day for disclosure failures. Section 25(d) bars a private right of action. No insurance or GLBA carve-out."
NY,"N.Y. Gen. Bus. Law § 396-b as amended (S.8420-A / A.8887-B, Ch. 617 of 2025)",Synthetic performer disclosure in advertisements,in force,2025-12-11,2026-06-09,same as effective,"Persons in the business of dealing in property or services who, for a commercial purpose, produce or create an advertisement that includes a synthetic performer, with actual knowledge",AI-generated or digitally created synthetic performer in a commercial advertisement,"Does not apply to media publishers that merely disseminate the ad (newspapers, magazines, TV, streaming, cable, billboards, transit). Disclaims change to 47 U.S.C. § 230.",Civil penalties (structure in the 2025 amendment). AG role unconfirmed from official compilation in this pass (secondary sources describe civil penalties without a consumer PRA).,"unconfirmed (secondary sources treat as public civil penalty, not consumer PRA — do not assert PRA)","Civil penalty $1,000 first violation and $5,000 subsequent violations (as reported from the chaptered amendment; confirm on NYSenate compilation). These are penalties, not a private liquidated-damages PRA.",none identified,https://www.nysenate.gov/legislation/bills/2025/S8420,silent,silent,silent,silent,silent,advertisement respecting property placed before the public in this state (GBL § 396-b structure); synthetic-performer duty on a person in the business of dealing in property or services who produces/creates such an advertisement,silent,silent,silent,n/a,none,silent (effective 2026-06-09 per chapter materials),silent,publishers that merely disseminate the ad are outside; 47 U.S.C. § 230 savings (S.8420-A as chaptered),silent,also crime — preexisting GBL 396-b false-statement misdemeanor remains in the section; synthetic-performer disclosure is a civil penalty overlay in subdivision 3,silent,cite — nothing construed to limit or enlarge 47 U.S.C. § 230 protections (S.8420-A),"AI includes systems that use machine learning, LLM, NLP, and computer vision, including generative AI; GenAI: a class of AI models that generate audio, text, and other digital content; synthetic performer: digitally created asset using GenAI or a software algorithm intended to create the impression of a human performer (S.8420-A)",silent,silent,silent,2026-09-02,"Effective 9 Jun 2026, a person who produces or creates a commercial advertisement featuring a synthetic performer, with actual knowledge, must conspicuously disclose that fact in the advertisement. Publishers who only carry the ad are outside the duty. The amendment sets civil penalties of $1,000 then $5,000; a consumer PRA was not confirmed in official text in this pass."
NY,"N.Y. Elec. Law §§ 14-106 / 14-107-a as amended (FY2025 budget Ch. 56 of 2024, deepfake/synthetic-media provisions — confirm Part letter on the chapter)",Political communications — materially deceptive / AI media disclosure,in force,2024-04-20 (budget chapter effective date commonly cited),2024-04-20,same; some disclosure duties keyed to proximity to primary/general elections,"Persons who distribute or publish political communications that include materially deceptive media / AI-generated content, typically with actual knowledge",AI-generated or significantly altered image/video/audio/text in political communications that is indistinguishable from reality,News reporting / satire exceptions typically appear in these amendments — confirm exact subsections before advising. Platforms' § 230 overlay unconfirmed.,Election Law injunctive/enforcement path (Orrick tracker: injunctive relief). State Board / AG split unconfirmed from official text in this pass.,unconfirmed,unconfirmed,unconfirmed,https://www.nysenate.gov/legislation/laws/ELN/14-106,silent,silent,silent (unconfirmed from full official pull),silent,silent (unconfirmed),silent (unconfirmed from full official Election Law pull in this pass),silent,silent,silent,n/a,none identified,silent,silent,silent,silent,silent,silent,silent,silent (quote Elec. Law §§ 14-106 / 14-107-a on official compilation before advising),silent,silent,silent,2026-09-02,"New York's 2024 budget amendments require disclosure when political communications use AI-generated or materially deceptive media depicting candidates or officials in ways that did not occur. The official Election Law sections should be quoted for the exact knowledge standard, window before elections, and remedy. Private-suit and damages fields are unconfirmed from a full official pull in this pass."
NY,"N.Y. Gen. Bus. Law art. 44-B, §§ 1420 et seq. (RAISE Act, S.6953-B / A.6453-B, Ch. 699 of 2025, as amended Ch. 96 of 2026)",Responsible AI Safety and Education (RAISE) Act,delayed,2025-12-19 (Ch. 699); chapter amendment 2026-03-27 (Ch. 96),2027-01-01 (as reported from chapter materials; confirm in Ch. 699/96 effective clause),2027-01-01,Developers of frontier AI models (compute/capability thresholds in the article),"Frontier model training, safety frameworks, transparency, incident reporting",Preemption/local rules and smaller-model exclusions are in the article — confirm before scoping a client. Not an insurance-underwriting statute.,"Attorney General (civil penalties). Secondary sources cite up to $1,000,000 first / $3,000,000 subsequent — those figures are unconfirmed from official GBL text in this pass.",unconfirmed (likely none; do not assert PRA),AG civil penalties — amounts unconfirmed from official compilation in this pass,unconfirmed,https://www.nysenate.gov/legislation/bills/2025/S6953,silent,silent,silent in S.6953-B text reviewed (AG civil penalties),silent,silent in S.6953-B text reviewed,"article shall only apply to frontier models that are developed, deployed, or operating in whole or in part in New York state (§ 1424 as in S.6953-B)","silent (in-whole-or-in-part in NY is the hook, not a labeled OOS-developer clause)",silent,silent,n/a,"frontier model: AI model trained using greater than 10^26 computational operations (integer or floating-point) the compute cost of which exceeds $100,000,000, or a distillation of such a model with compute cost exceeding $5,000,000; large developer: trained at least one frontier model and spent over $100,000,000 in compute costs in aggregate (S.6953-B — confirm Ch. 96 amendments before relying on dollar figures)",silent (slated 2027-01-01; confirm Ch. 699/96 effective clause),silent,silent,silent in S.6953-B text reviewed,civil-only (AG penalties in S.6953-B; PRA not found in that bill text),silent,"silent (redactions only to the extent required by federal law, in the AG/DHSES protocol-access clause)","AI: machine-based system that infers how to generate outputs from inputs using computational, statistical, or machine-learning techniques (S.6953-B definitions)",silent,silent,unredacted safety-and-security protocol and specified test records retained for as long as a frontier model is deployed plus five years (S.6953-B),2026-09-02,"New York's RAISE Act, signed December 2025 and chapter-amended March 2026, will impose frontier-model safety frameworks, transparency, and incident-reporting duties, currently slated for 1 Jan 2027. It is a developer-safety statute, not a consumer ADMT or insurance-code law. Penalty amounts and PRA status should be taken from GBL §§ 1420–1429 once the official compilation is pulled; they are unconfirmed here."
NY,N.Y. Gen. Bus. Law § 349-a (L. 2025 ch. 58 Part X; old 349-a renumbered 349-h),Personalized algorithmic pricing,in force,2025-05-09,2025-07-08 (60th day),same as effective,Any entity that sets the price of a specific good or service using personalized algorithmic pricing (dynamic pricing set by an algorithm that uses personal data) and advertises/offers that price to a consumer in New York using personal data specific to that consumer,ADS / automated pricing (algorithm + personal data); not limited to 'AI' by name,(a) person/firm subject to the Insurance Law or regulations thereunder; (b) GLBA Title V financial institutions and affiliates (15 U.S.C. § 6809 / § 6801 et seq.) to the extent subject to GLBA; (c) financial institution as defined in Financial Services Law § 801(f); (d) subscription-contract price lower than the contracted price. For-hire/TNC location data used solely to compute mileage/time fares excluded from 'personal data.',NY AG. Must first send a cease-and-desist letter with a designated cure timeline; only after continued violation may AG seek injunction.,none (AG-only; special proceeding for injunction). Does not limit other civil/criminal liability.,"After C&D + continued violation: injunction without proof of injury; civil penalty not more than $1,000 per violation. Public penalty, not a private liquidated-damages PRA.",Designated timeline in the AG cease-and-desist letter,https://assembly.state.ny.us/leg/?default_fld=&bn=S03008&term=2025&Text=Y,silent,silent,silent,silent,AG must first send a cease-and-desist letter specifying alleged violations and remedies to cure within a designated timeline; only after continued violation may AG seek injunction/penalty (GBL § 349-a),entity domiciled or doing business in New York state; advertises personalized algorithmic pricing to a consumer in New York using personal data specific to that consumer (§ 349-a),silent (domiciled or doing business in NY + offer to a NY consumer),silent,silent,n/a (section does not apply to a person/firm subject to the Insurance Law or regulations thereunder; also GLBA Title V FIs/affiliates and FSL § 801(f) FIs),none,silent,silent,silent,silent,civil-only as this section (does not limit other civil or criminal liability),silent,"silent (GLBA is an entity carve-out, not a preemption clause)",personalized algorithmic pricing: dynamic pricing set by an algorithm that uses personal data (not limited to AI by name) (§ 349-a),silent,silent,silent,2026-09-02,"Effective 8 Jul 2025, an entity that advertises a price set by personalized algorithmic pricing to a New York consumer using that consumer's personal data must disclose that the price was set by an algorithm using personal data. The section does not apply to persons subject to the Insurance Law or insurance regulations, GLBA Title V FIs/affiliates, or FSL § 801(f) FIs. The AG enforces after a C&D letter; there is no consumer PRA. Civil penalty not more than $1,000 per violation after continued noncompliance."
NY,N.Y. Gen. Bus. Law §§ 1700–1704 (Art. 47); L. 2025 ch. 58 (S.3008-C / A.3008-C) Part U,AI companion models,in force,2025-05-09,2025-11-05 (180th day),same as effective,Operators providing an AI companion to a user using it for personal use in New York. Conjunctive definition: retains session/preference info to personalize; asks unprompted emotion-based questions beyond a direct response; sustains ongoing dialogue on matters personal to the user.,Companion chatbot disclosure + suicide/self-harm protocol,"Not an AI companion: (i) customer-service / commercial-product-info only; (ii) primarily designed and marketed for efficiency, research, or technical assistance; (iii) internal business / employee productivity. No Insurance Law or GLBA carve-out.",NY AG only (injunction + civil penalties). Penalties go to a suicide prevention fund (St. Fin. L. § 99-ss).,none (AG-only; no PRA in Art. 47),"Up to $15,000 per day for violations of §§ 1701 or 1702; other court-deemed remedies. Public penalty, not a private PRA.",none,https://assembly.state.ny.us/leg/?default_fld=&bn=S03008&term=2025&Text=Y,silent,silent,silent (AG injunction + civil penalties to suicide-prevention fund),silent,silent (none in Art. 47 / Part U),operator providing an AI companion to a user using it for personal use in New York (Art. 47),silent,silent,silent,n/a,none,silent,silent,silent,silent,civil-only,silent,silent,AI companion (conjunctive): retains session/preference info to personalize; asks unprompted emotion-based questions beyond a direct response; sustains ongoing dialogue on matters personal to the user (L. 2025 ch. 58 Part U),silent,silent,silent,2026-09-02,"In force 5 Nov 2025, GBL Art. 47 requires operators of AI companions used personally in New York to run a reasonable-efforts self-harm protocol with crisis referrals and to disclose that the user is not communicating with a human at the start of an interaction (need not exceed once per day) and at least every three hours if the session continues. The AG enforces; civil penalties up to $15,000 per day. No PRA and no Insurance Law/GLBA carve-out. Do not import secondary-source extras (16-pt type, Department of State reports) that are not in chaptered Part U."
NY,"N.Y. Civ. Rights Law §§ 52-c, 52-b; Penal L. § 245.15 as amd. L. 2023 ch. 513 and L. 2024 ch. 58 Part MM Subpart A",Intimate-image digitization (CRL 52-c / 52-b),in force,2023-09-29 (ch. 513); 2024-04-20 (52-b digitization via Part MM),"2023-11-28 (ch. 513, 60th day); 2024-04-20 (Part MM immediate)",same,"Actors who disseminate/publish or (52-c) threaten to disseminate intimate/sexually explicit stills or video, including images created or altered by digitization (another person's image or computer-generated images; 52-c names software/ML/AI)",Deepfake / intimate image,Penal: reporting unlawful conduct; lawful LE/legal/medical; voluntary public/commercial exposure; legitimate public purpose; § 230. Civil statutes have consent and First Amendment-adjacent limits as written. No insurance/GLBA carve-out.,DAs (criminal); private plaintiffs (civil),PRA (CRL § 52-c digitized sexually explicit depiction; CRL § 52-b intimate image including digitization). Penal is criminal only.,"CRL § 52-c: injunction, compensatory + punitive, costs/fees. No liquidated per-image schedule in the civil-rights sections as compiled. Penal § 245.15: class A misdemeanor.",none,https://www.nysenate.gov/legislation/laws/CVR/52-C,silent,depicted person (PRA); silent on class,yes — costs/fees authorized in CRL 52-c/52-b civil actions (as compiled),silent,silent (none),"52-b: still/video depicting an unclothed intimate part of a resident of this state, or a resident engaging in sexual conduct, hosted or transmitted without consent — defendant subject to personal jurisdiction in this state to the maximum extent permitted under the U.S. Constitution and federal law (Ch. 58 2024 Part MM). 52-c: dissemination/threat of digitized sexually explicit depiction.",express PJ hook for host/transmitter of a NY resident's intimate image to the maximum constitutional extent (52-b as amended) — not labeled developer/deployer,personal jurisdiction in a civil action in this state to the maximum extent permitted under the U.S. Constitution and federal law (52-b); silent on choice of law,silent,n/a,none,silent,silent in the civil-rights sections as compiled in this pass,Penal exceptions (LE/legal/medical; § 230); civil consent/First Amendment-adjacent limits as written,silent,also crime — Penal L. § 245.15 class A misdemeanor; civil PRA in CRL 52-c/52-b,silent,cite — § 230 overlay as written in the penal/civil statutes; PJ to the maximum extent permitted under federal law,"digitization: use of software, machine learning, artificial intelligence, or other computer-generated means, including adapting/modifying a realistic depiction (Part MM / 52-c)",silent,silent,silent,2026-09-02,"New York's civil intimate-image statutes reach images created or altered by digitization, including AI. CRL §§ 52-c and 52-b give the depicted person a PRA for injunction, compensatory and punitive damages, costs and fees. There is no BIPA-style liquidated schedule in those sections. Penal § 245.15 is a class A misdemeanor. No insurance carve-out."
TX,"Tex. Bus. & Com. Code ch. 552 (H.B. 149, 89th Leg., R.S., ch. 1174) — TRAIGA",Texas Responsible Artificial Intelligence Governance Act,in force,2025-06-22,2026-01-01,same as effective,"Developers and deployers of AI systems offered/used in Texas; governmental entities (social scoring, biometric ID, consumer-facing disclosure); health-care service/treatment providers (AI disclosure)",Intentional prohibited AI uses (self-harm/violence incitement; social scoring by government; biometric ID by government without consent; sole-intent constitutional infringement; intent to unlawfully discriminate; CSAM/NCII deepfakes; child-impersonating sexual chat). Consumer-facing government and health-care AI disclosure.,Ch. 552 may not be construed to authorize any agency other than TDI to regulate insurance. Unlawful-discrimination section does not apply to insurance entities providing insurance services if subject to unfair-discrimination / UTPA insurance statutes. Federally insured banks deemed compliant with that section if they comply with banking law. Disparate impact alone is not intent. Local AI ordinances preempted. No PRA.,"Attorney General exclusive (except licensed-person sanctions by a state agency after AG finding + recommendation, up to $100,000 plus license action). NIST GenAI RMF substantial compliance can defeat liability in specified circumstances.",none (express),"Civil penalties to the State: $10,000–$12,000 per curable violation or cure-statement breach; $80,000–$200,000 per uncurable violation; $2,000–$40,000 per day continuing. Not private damages.",60 days after AG written notice; AG may not sue if cured with supporting documentation and policy changes,https://statutes.capitol.texas.gov/GetStatute.aspx?Code=BC&Value=552,silent (no class language; chapter not subject to a PRA),none — chapter does not provide a basis for and is not subject to a private right of action (Bus. & Com. enrolled 552.106(b) family),yes — AG may recover attorney's fees and reasonable court costs (enrolled enforcement section),silent,60 days after AG written notice identifying provisions alleged; AG may not sue before the 60th day if the person cures and documents the manner of cure plus policy changes (552.104),"subtitle applies only to a person who (1) promotes, advertises, or conducts business in this state; (2) produces a product or service used by residents of this state; or (3) develops or deploys an artificial intelligence system in this state (551.002). Consumer = resident of this state acting in an individual/household context. Deployer = deploys an AI system for use in this state; developer = develops an AI system offered/sold/leased/given/provided in this state (552.001).","express — produces a product or service used by residents of this state, or develops/deploys an AI system in this state, or conducts business in this state (551.002)",silent,silent,n/a (chapter may not be construed to authorize any agency other than TDI to regulate insurance; discrimination section inapplicable to insurance entities already under unfair-discrimination/UTPA insurance statutes),none,silent (in force 2026-01-01),silent,NIST GenAI RMF substantial compliance can defeat liability in specified circumstances (chapter as indexed); 60-day cure,"yes — chapter supersedes and preempts any ordinance, resolution, rule, or other regulation adopted by a political subdivision regarding the use of AI systems (552.003)",civil-only (AG civil penalties; no PRA),silent,silent,"AI system: any machine-based system that, for any explicit or implicit objective, infers from the inputs the system receives how to generate outputs, including content, decisions, predictions, or recommendations, that can influence physical or virtual environments (551.001)",silent (no IA mandate in TRAIGA as a high-risk assessment statute),silent,silent,2026-09-02,"TRAIGA, in force 1 Jan 2026, is a prohibition-and-disclosure statute, not a high-risk impact-assessment regime. It bars developing or deploying AI with specified bad intents, requires government (and certain health-care) AI-interaction disclosures, and gives the AG exclusive enforcement after a 60-day cure, with tiered civil penalties. Insurance entities are carved out of the discrimination section when already under insurance unfair-trade statutes, and the chapter does not authorize non-TDI agencies to regulate insurance. There is no private right of action."
TX,"Tex. Penal Code § 21.165; Tex. Civ. Prac. & Rem. Code ch. 98B (as amended by S.B. 441, 89th Leg., eff. 2025-09-01)",Unlawful production/distribution of deep fake intimate media; civil liability for artificial intimate visual material,in force,2025 (S.B. 441 conference; Governor approval — eff. clause 2025-09-01),2025-09-01,same; civil amendments apply to causes accruing on or after that date,Persons who produce or electronically distribute nonconsensual deep-fake intimate media; owners of sites/apps/nudification tools/payment processors in specified reckless-facilitation scenarios,AI/ML deep fake media depicting a real person in intimate/sexual conduct that did not occur; civil 'artificial intimate visual material',"Affirmative defenses: law enforcement / reporting / legal proceedings; mere technical intermediaries; publicly accessible AI providers that prohibit NCII in terms, require user acknowledgment, and take listed technological steps. Written plain-language consent required for valid consent to produce/distribute.",Criminal prosecutors (Class A misdemeanor; F3 if prior or depicted person <18). Private civil plaintiffs under ch. 98B. AG may seek injunction against repeat site/app notice/takedown violations; those subsections are also DTPA-actionable.,PRA (ch. 98B),"No fixed per-image liquidated sum in § 98B.003: prevailing claimant shall be awarded actual damages (including mental anguish), costs, and reasonable attorney's fees, and may recover exemplary damages. Separate $1,000 / $500 per violation of a court's 98B injunction. 72-hour takedown after request for site owners under § 98B.0022(b).",72 hours for website/app owners to remove material after the depicted person's request (§ 98B.0022(b)); not a general pre-suit cure,https://capitol.texas.gov/tlodocs/89R/billtext/html/SB00441F.HTM,silent,depicted claimant (ch. 98B); silent on class,yes — prevailing claimant shall be awarded costs and reasonable attorney's fees (98B.003 as amended),silent,72 hours for website/app owners to remove material after the depicted person's request (§ 98B.0022(b)); not a general pre-suit cure,silent as a residence clause in the enrolled civil chapter (depicts a real person; Texas courts via CPRC),silent,silent,silent,n/a,none,civil amendments apply to causes accruing on or after 2025-09-01,"suit not later than 10 years after the later of the date the depicted person reasonably discovers the intimate visual material, or turns 18 (98B.009 as amended by S.B. 441)","affirmative defenses: LE/reporting/legal proceedings; mere technical intermediaries; publicly accessible AI providers that prohibit NCII in terms, require user acknowledgment, and take listed technological steps (S.B. 441)",silent,also crime — Penal Code § 21.165 Class A misdemeanor (F3 if prior or depicted person <18); plus civil ch. 98B,silent,silent,deep fake media / artificial intimate visual material: AI/ML or computer-generated depiction of a real person in intimate/sexual conduct that did not occur (Penal § 21.165; CPRC ch. 98B),silent,silent,silent,2026-09-02,"S.B. 441 expands Penal Code § 21.165 to AI deep-fake intimate media (production or electronic distribution without effective written consent) and threats to do so, with restitution on conviction. Chapter 98B adds civil liability for producing/soliciting/disclosing/promoting artificial intimate visual material with intent to harm, plus site/app/nudification/payment-processor theories and a 72-hour takedown duty. Civil recoveries are actual damages (including mental anguish), fees, and exemplary damages — not a BIPA-style $1k/$5k schedule."
TN,"Tenn. Code Ann. §§ 47-25-1101–1108 (ELVIS Act, 2024 Tenn. Pub. Acts ch. 588, HB 2091 / SB 2096)","Ensuring Likeness, Voice, and Image Security Act of 2024",in force,2024-03-21,2024-07-01,same as effective,"Persons who use an individual's name, photograph, voice, or likeness; persons who publish/distribute unauthorized voice/likeness; persons who distribute a tool whose primary purpose is producing a particular identifiable individual's photograph, voice, or likeness",Voice defined to include a readily identifiable simulation of an individual's voice (AI voice clones); commercial advertising/fundraising uses and knowing distribution of clone tools,"Fair-use style exceptions in the 2024 amendments: news/public affairs/sports; comment, criticism, scholarship, satire, parody; self-portrayal in an audiovisual work unless it creates a false authentic-performance impression; fleeting/incidental use; ads for those excepted works. First Amendment overlay is express.",Private civil action; Class A misdemeanor for unauthorized use; contraband seizure for tangible goods,PRA,No general liquidated sum: actual damages plus profits attributable to the use not taken into account in actual damages; injunction and destruction. Treble the (d)(1) amount plus reasonable attorney's fees if the knowing violation is of a member of the armed forces. (Secondary sources sometimes overstate general treble damages; the Justia compilation of § 47-25-1106(d)(2) limits treble+fees to armed-forces victims.),none,https://publications.tnsosfiles.com/acts/113/pub/pc0588.pdf,silent,"individual or, where a person has an exclusive recording-artist services contract or exclusive sound-recording distribution license, that person or the individual may sue (§ 47-25-1106(f) as added); silent on class","yes, limited — treble the (d)(1) amount plus reasonable attorney's fees if the knowing violation is of a member of the armed forces (§ 47-25-1106(d)(2)); silent as a general fee-shift for other plaintiffs",silent,silent (none),silent (property right in name/photograph/voice/likeness in any medium in any manner; no in-state hook in Pub. Ch. 588),silent,silent,silent,n/a,none,effective 2024-07-01; silent as to pre-effective uses,silent in Pub. Ch. 588,First Amendment fair-use list (news/public affairs/sports; comment/criticism/scholarship/satire/parody; self-portrayal unless false authentic-performance impression; fleeting/incidental; ads for those works) (§ 47-25-1107 as amended),silent,also crime — unauthorized use remains a Class A misdemeanor (cross-cite 39-14-152 family / existing publicity criminal overlay),silent,cite — fair use to the extent protected by the First Amendment; audiovisual work defined under 17 U.S.C. § 101,n/a as AI/ADS — voice includes a sound readily identifiable and attributable to a particular individual regardless of whether it contains the actual voice or a simulation of the voice (Pub. Ch. 588 §3),silent,silent,silent,2026-09-02,"The ELVIS Act renames Tennessee's publicity statute and extends the property right to voice, including simulated voice. Unauthorized commercial use, unauthorized publication/distribution of a voice or likeness, and distribution of a tool whose primary purpose is producing a particular person's voice/likeness, with knowledge of non-authorization, are civilly actionable and a Class A misdemeanor. Remedies are injunction, actual damages, and attributable profits; treble damages plus fees are statutory for knowing violations involving service members."
TN,"Tenn. Code Ann. §§ 39-17-1901–1906 (Preventing Deepfake Images Act, 2025 Tenn. Pub. Acts ch. 466, SB 1346 / HB 1299)",Preventing Deepfake Images Act,in force,2025-05-09 (signed); Pub. Ch. 466 listed 2025-05-15,2025-07-01 (PC 466 § 3),same as effective,"Persons who intentionally disclose an intimate digital depiction without consent, knowing or recklessly disregarding lack of consent (criminal track also covers threaten to disclose or solicit disclosure). Depicted individual identifiable by face, likeness, distinguishing characteristic, or accompanying information.","Intimate-image AI deepfake: videos, images, or audio generated or manipulated by artificial intelligence to realistically portray something that did not occur (§ 39-17-1902); civil PRA plus Class E / Class C felony","No insurance/GLBA carve-out. Civil exceptions: good-faith disclosure to/by law enforcement investigating unlawful or unwelcome conduct; as part of a legal proceeding; or reasonably intended to assist the depicted individual (§ 39-17-1904(d)). ICS / information / telecommunications services not liable for good-faith restriction or content provided by another person (§§ 39-17-1905, 39-17-1906(d)). Disclaimer that the depiction is fake is not a defense. Consent to creation is not consent to disclosure; valid consent is a plain-language signed written agreement.","Private civil plaintiffs. Criminal prosecutors (Class E felony default; Class C if the depiction could reasonably be expected to affect a governmental proceeding including administration of an election, or facilitate violence).",PRA,"§ 39-17-1904: (1) disgorgement of monetary gain from creation/development/disclosure; (2) either actual damages including emotional distress or liquidated $150,000; (3) punitive damages under § 29-39-104; (4) costs and reasonable attorney's fees. Equitable relief (TRO/prelim/permanent injunction); pseudonymous plaintiff. Not a public-penalty statute.",none,https://publications.tnsosfiles.com/acts/114/pub/pc0466.pdf,silent,depicted individual (PRA); silent on class,yes — costs and reasonable attorney's fees (§ 39-17-1904),silent,silent (none),silent as a residence clause (identifiable depicted individual; Tennessee criminal/civil chapter),silent,silent,silent,n/a,none,effective 2025-07-01 (PC 466 §3),silent in PC 466,"ICS / information / telecommunications services not liable for good-faith restriction or content provided by another; civil LE/legal/assist-depicted exceptions (§§ 39-17-1904(d), 1905, 1906(d))",silent,"also crime — Class E felony default; Class C if the depiction could reasonably be expected to affect a governmental proceeding including administration of an election, or facilitate violence",silent,silent,"intimate digital depiction includes videos, images, or audio generated or manipulated by artificial intelligence to realistically portray something that did not occur (§ 39-17-1902)",silent,silent,silent,2026-09-02,"Tennessee's 2025 intimate-deepfake statute creates a civil PRA for nonconsensual disclosure of an intimate digital depiction, defined to include AI-generated or AI-manipulated video, image, or audio of a real identifiable person. The plaintiff may recover disgorgement plus the greater of actual damages (including emotional distress) or $150,000 liquidated, punitive damages, and fees, with no cure period and no insurance or GLBA carve-out. A fake-disclaimer is not a defense. Criminal liability is a Class E felony, elevated to Class C in specified circumstances including effects on an election."
TN,"Tenn. Code Ann. § 2-19-120(a)(6) (Transparency for Deepfakes in Political Advertising Act, 2026 Tenn. Pub. Acts ch. 625, HB 1513 / SB 1624)",Transparency for Deepfakes in Political Advertising Act,in force,2026-03-26 (signed); Pub. Ch. 625 listed 2026-03-30,2026-07-01 (PC 625 § 3),same as effective,Persons making an expenditure for a § 2-19-120 communication (express advocacy / contribution solicitation in general public political advertising) that is a deepfake impersonating or depicting a candidate engaging in speech or action that did not occur. Audio: spoken disclaimer at beginning and end. Video: on-screen large-letter disclaimer for the duration.,Election / political deepfake disclosure (not a total ban); 'deepfake' imported from § 39-17-1902,"No insurance/GLBA carve-out. Hosts, third-party producers, ISPs (including affiliates/subsidiaries), search engines, and cloud providers not liable solely for access/connection/transmission/caching if not responsible for creation of the deepfake. Radio/TV, cable/satellite, streaming/programming services paid to broadcast the material are not liable to the extent they did not create the deepfake. 120-day window before voting begins applies only when the impersonated/depicted candidate is not an incumbent.",Class C misdemeanor via existing § 2-19-120(c) (district attorney). Depicted/impersonated candidate has a civil action.,PAG (candidates depicted/impersonated only),"Imports § 39-17-1904 civil menu except (c) (anonymity): disgorgement; actual damages including emotional distress or liquidated $150,000; punitive damages; costs and fees; equitable relief. No independent liquidated schedule in ch. 625 itself.",none,https://publications.tnsosfiles.com/acts/114/pub/pc0625.pdf,silent,PAG — depicted/impersonated candidate only; imports § 39-17-1904 civil menu except anonymity (c),yes — imported 1904 costs and reasonable attorney's fees,silent,silent (none),expenditure for a § 2-19-120 communication (express advocacy / contribution solicitation in general public political advertising) that is a deepfake; 120-day window before voting begins applies only when the impersonated/depicted candidate is not an incumbent (PC 625),silent,silent,silent,n/a,none,effective 2026-07-01 (PC 625 §3),silent in PC 625,"hosts, third-party producers, ISPs (incl. affiliates), search engines, and cloud providers not liable solely for access/connection/transmission/caching if not responsible for creation; paid radio/TV/cable/satellite/streaming not liable to the extent they did not create the deepfake",silent,also crime — Class C misdemeanor via existing § 2-19-120(c); plus candidate civil action,silent,silent,deepfake imported from § 39-17-1902 (AI-generated or manipulated intimate-depiction definition used for the political-ad disclaimer),silent,silent,silent,2026-09-02,"Effective 1 Jul 2026, Tennessee requires a deepfake disclaimer on specified political advertising that impersonates or depicts a candidate in speech or action that did not occur. The impersonated or depicted candidate is entitled to damages and equitable relief as provided in § 39-17-1904, except the anonymity subsection (c) — so the intimate-deepfake civil menu, including $150,000 liquidated or actual, is imported into election-ad cases. Hosts and paid broadcasters who did not create the deepfake are carved out. There is no insurance/GLBA carve-out and no cure period. Violation of the host political-disclaimer statute remains a Class C misdemeanor."
UT,"Utah Code tit. 13, ch. 77 (SB 226, 2025 Gen. Sess. ch. 465; later amended ch. 95, 2026); originally SB 149 (2024) at former § 13-2-12",Generative Artificial Intelligence — Consumer Disclosures and Enforcement,in force,2025-03 (SB 226); ch. 77 effective 2025-05-07; 2026 ch. 95 amendments,2025-05-07,same,Suppliers using GenAI in consumer transactions; individuals providing services in Department of Commerce-regulated occupations (includes licensed insurance producers as a regulated occupation),"GenAI that simulates human conversation (text/audio/visual) with limited human oversight; high-risk interactions involving health/financial/biometric data or personalized financial, legal, medical, or mental-health advice",UCSPA 'consumer transaction' expressly excepts securities and insurance (Utah Code § 13-11-3(2)(a)) — selling an insurance policy is generally not a ch. 77 consumer-transaction chatbot event. The licensed/certified-occupation high-risk disclosure (13-77-103(2)) is NOT limited to consumer transactions and can still reach Commerce-licensed insurance producers. Supplier disclosure is only on a clear and unambiguous human-vs-AI prompt. Safe harbor if GenAI discloses at the outset and throughout (13-77-104). B2B that is not a UCSPA consumer transaction is out.,Division of Consumer Protection; AG as counsel. Violation is also a Utah Consumer Sales Practices Act violation (13-11-4(1)).,none (AG/DCP only; no PRA in ch. 77),"Administrative fine up to $2,500 per violation; court fine up to $2,500 per violation in a Division action; civil penalty up to $5,000 per violation of an administrative or court order. Not a private liquidated-damages PRA.","none in ch. 77 (safe harbor is disclosure-based, not a cure period)",https://le.utah.gov/xcode/Title13/Chapter77/13-77.html,silent,none (DCP/AG only; no PRA in ch. 77),silent (Division/court fines),silent,silent (none in ch. 77; safe harbor is disclosure-based),UCSPA consumer transaction (which excepts insurance/securities under § 13-11-3(2)(a)); licensed-occupation high-risk disclosure is not limited to consumer transactions,silent,silent,silent,n/a for the consumer-transaction chatbot duty (insurance excepted); licensed insurance producers can still face the high-risk occupation disclosure — situs of a policy silent,none,silent (ch. 77 effective 2025-05-07),silent,yes — 13-77-104: not subject to an enforcement action for violating 13-77-103 if the person's GenAI clearly and conspicuously discloses at the outset and throughout that the user is interacting with AI,silent,civil-only (also a UCSPA 13-11-4(1) violation; DCP/AG),silent,silent,generative artificial intelligence defined in 13-77-101 (conversational GenAI that simulates human conversation with limited human oversight — read 13-77-101 for the full compiled definition),silent,silent,silent,2026-09-02,"Utah ch. 77 requires a supplier using conversational GenAI in a UCSPA consumer transaction to disclose that the counterparty is not human if the individual clearly and unambiguously asks. That consumer-transaction duty excepts insurance and securities under § 13-11-3(2)(a). Licensed occupations must proactively disclose GenAI in high-risk interactions (including financial/insurance-adjacent advice). The Division may fine up to $2,500 per violation; there is no consumer PRA."
UT,"Utah Code tit. 13, ch. 72 (SB 149 (2024); sunset extended by SB 332 (2025) to 2027-07-01; HB 320 (2026) program amendments)",Utah Artificial Intelligence Policy Act — Office of AI Policy / Learning Laboratory,in force (sunsets 2027-07-01 unless extended),2024-03-13 (SB 149),2024-05-01 (original),Office/Lab currently operative; Chapter 72 repeal date 2027-07-01 per 2025 extension (confirm 2026 HB 320 did not move that date),Office of Artificial Intelligence Policy; Learning Lab participants seeking regulatory mitigation / joint interpretation agreements,"State AI policy office and sandbox, not a general private-sector high-risk AI duty","Sandbox mitigations are participant-specific. Disclosure duties now live in ch. 77, not this chapter.",Office of AI Policy / Division as provided in ch. 72,none,none for private plaintiffs in the office/sandbox chapter,n/a,https://le.utah.gov/xcode/Title13/Chapter72/13-72.html,silent,silent,silent,silent,n/a,silent (state office/sandbox),silent,silent,silent,n/a,none,office/lab; Chapter 72 repeal date 2027-07-01 per 2025 extension,silent,sandbox mitigations are participant-specific joint-interpretation/regulatory-mitigation agreements — not a general private-sector harbor,silent,civil-only / administrative (office chapter),silent,silent,silent/n/a as a private-sector AI duty chapter (office/lab),silent,silent,silent,2026-09-02,"SB 149 created the Office of AI Policy and a Learning Laboratory that can grant time-limited regulatory mitigations. SB 332 extended the Chapter 72 repeal to 1 Jul 2027; 2026 amendments added joint-interpretation agreements. This chapter is the sandbox/office, not the consumer disclosure duty (now Chapter 77). Treat the 1 Jul 2027 date as a statutory sunset of the office/lab unless the Legislature extends it."
UT,"Utah Code tit. 13, ch. 72a (HB 452, 2025, eff. 2025-05-07)",Artificial Intelligence Applications Relating to Mental Health,in force,2025-03-25 (signed),2025-05-07,same,Suppliers of mental-health chatbots used by a Utah user (individual located in Utah at time of use),"GenAI chatbot that a supplier represents, or a reasonable person would believe, can provide mental-health therapy or help manage/treat mental-health conditions","Scripted-only tools (e.g., guided meditations) and tools that only analyze input to connect the user to a human therapist are outside the definition (as described in official-adjacent bill analyses; confirm § 13-72a-101). No ch. 72 sunset on this chapter.","Division of Consumer Protection; AG as counsel. 58-60-118 is an affirmative defense to unlicensed-practice charges, not a PRA.",none (DCP/AG-only; no PRA in ch. 72a),"Same DCP stack as ch. 77: administrative fine up to $2,500 per violation; court fine up to $2,500; order-violation up to $5,000. Not a private liquidated-damages PRA.",none in ch. 72a,https://le.utah.gov/xcode/Title13/Chapter72a/13-72a.html,silent,none (DCP/AG-only; no PRA in ch. 72a),silent (DCP stack),silent,silent (none in ch. 72a),suppliers of mental-health chatbots used by a Utah user (individual located in Utah at time of use),silent (hook is use by an individual located in Utah at time of use),silent,silent,n/a,none,silent (effective 2025-05-07),silent,scripted-only tools and tools that only connect the user to a human therapist are outside the definition (confirm § 13-72a-101),silent,"civil-only (58-60-118 is an affirmative defense to unlicensed-practice charges, not a PRA)",silent,silent,"GenAI chatbot that a supplier represents, or a reasonable person would believe, can provide mental-health therapy or help manage/treat mental-health conditions (ch. 72a)",silent,silent,silent,2026-09-02,"Utah regulates mental-health chatbots offered to users physically located in the state. A covered chatbot must disclose that it is AI before first access, after a seven-day gap, and whenever the user asks. Enforcement is DCP/AG; there is no private right of action in chapter 72a. Penalties track the $2,500 / $5,000 Division stack."
UT,"Utah Code § 31A-22-650 as amended (SB 319, 2026 Gen. Sess., ch. 240 as commonly cited)",Health insurance preauthorization — AI disclosure and human medical judgment,delayed,2026-03-19 (signed),2027-01-01,2027-01-01,Health insurers subject to Utah Insurance Code preauthorization rules that use AI in reviewing authorization requests,AI in prior-authorization / authorization-request review; independent medical judgment on clinical/medical-necessity denials,Special effective date 2027-01-01. Prescription-drug timing carve-outs appear in bill summaries — confirm in the enrolled bill. Not a GLBA privacy statute.,Utah Insurance Department (existing Insurance Code tools; SB 319 does not appear to add a new PRA),none identified in bill summaries; unconfirmed from enrolled text,none identified in SB 319; unconfirmed,unconfirmed,https://le.utah.gov/~2026/bills/static/SB0319.html,silent,silent,silent (unconfirmed from enrolled as a new fee-shift),silent,silent (unconfirmed),silent (health insurers subject to Utah Insurance Code preauthorization rules),silent,silent,silent,silent (no delivered/issued clause identified in SB 319 as indexed),none identified,special effective date 2027-01-01,silent,silent,silent,silent (expected Insurance Department civil/admin tools; no new PRA identified),silent,silent,AI in reviewing authorization requests; adverse clinical/medical-necessity determinations must be by an individual exercising independent medical judgment (SB 319),silent,silent,silent,2026-09-02,"Signed 19 Mar 2026 and effective 1 Jan 2027, SB 319 requires a health insurer that uses AI in authorization-request review to disclose that use on a conspicuous public website and to the department, network providers, and enrollees. Adverse clinical/medical-necessity determinations must be made by an individual exercising independent medical judgment, not solely on another source's (including AI) recommendation. Enforcement is expected to ride existing Insurance Department authority; a new PRA was not identified."
UT,"Utah Code § 20A-11-1104 (SB 131, 2024 Gen. Sess.)",Election synthetic-media disclosure,in force,2024-03-13,2024-05-01,same as effective,"Creator (person who uses AI to generate synthetic media; not a mere tech provider) and sponsor (person who pays) of a paid audio/visual communication intended to influence voting for/against a candidate or ballot proposition in a Utah election/primary, paid by a candidate committee, PAC, PIC, party, or person using a contribution, that contains synthetic media",Election / political deepfake disclosure,Creator excludes sole technology providers. No insurance/GLBA carve-out.,A person may bring a civil action against creator or sponsor,PRA (civil penalty),"Civil penalty not to exceed $1,000 per violation. Compliance does not exempt other civil/criminal liability.",none,https://le.utah.gov/xcode/Title20A/Chapter11/20A-11-S1104.html,silent,PRA — a person may bring a civil action against creator or sponsor (20A-11-1104); silent on class,"silent (civil penalty <= $1,000 per violation)",silent,silent (none),paid audio/visual communication intended to influence voting for/against a candidate or ballot proposition in a Utah election/primary,silent (creator excludes sole technology providers),silent,silent,n/a,none,silent,silent,creator excludes sole technology providers,silent,civil-only as this section (compliance does not exempt other civil/criminal liability),silent,silent,"synthetic media created using AI (20A-11-1104); creator = person who uses AI to generate synthetic media, not a mere tech provider",silent,silent,silent,2026-09-02,"Utah requires specified paid political audio/visual communications that contain AI synthetic media to carry labeled disclosures (and online ads, tamper-evident provenance). A person may sue the creator or sponsor for a civil penalty not to exceed $1,000 per violation. Mere technology providers are not 'creators.'"
UT,"Utah Code tit. 13, ch. 72b (Digital Voyeurism Prevention Act) as enacted by HB 276, 2026 Gen. Sess. (same bill also enacts ch. 72c provenance, AG-only, not a separate index row)",Digital Voyeurism Prevention Act,delayed,2026-03-24 (signed),2027-01-01,2027-01-01 (capture-device latent-disclosure in companion ch. 72c: devices produced for sale in Utah on or after 2028-01-01),Generation services (server-side intimate-image generators) and covered platforms (Take It Down Act definition),Intimate-image AI generation / NCII deepfake (platforms and generation services),Safe harbors and heightened pleading for generation services and platforms; § 230 savings; Take It Down Act alignment. No insurance/GLBA carve-out.,Private plaintiffs (13-72b). Companion 13-72c provenance duties are DCP/AG-only.,PRA (13-72b). 13-72c in the same bill is AG-only.,"13-72b: injunction, destruction, actual damages including emotional distress, punitive if willful/reckless/malicious, fees. Damages need not be proved to get injunction/destruction. No general liquidated dollar floor. Platform takedown: 48 hours after qualifying notice.",48-hour platform takedown after qualifying notice (not a general pre-suit cure),https://le.utah.gov/~2026/bills/hbillenr/HB0276.pdf,silent,PRA against generation services and covered platforms (13-72b); silent on class,"yes — fees among 13-72b remedies (injunction, destruction, actual incl. emotional distress, punitive if willful, fees)",silent,48-hour platform takedown after qualifying notice (not a general pre-suit cure),silent as a general residence clause in the indexed row (generation services / Take It Down covered platforms; confirm enrolled HB 276 for any Utah-user hook),silent,silent,silent,n/a,none,most sections 2027-01-01; capture-device latent-disclosure companion ch. 72c: devices produced for sale in Utah on or after 2028-01-01,silent in the enrolled materials as indexed,safe harbors and heightened pleading for generation services and platforms; § 230 savings; Take It Down Act alignment (HB 276),silent,civil-only in 13-72b (companion 13-72c is DCP/AG-only),silent,cite — § 230 savings; Take It Down Act alignment (HB 276),intimate-image AI generation / NCII deepfake as defined in 13-72b (read enrolled HB 276 for the generation-service definition),silent,silent,silent,2026-09-02,"HB 276 (signed 24 Mar 2026, most sections 1 Jan 2027) creates a PRA against intimate-image generation services and covered platforms (13-72b): injunction, destruction, actual damages including emotional distress, and punitive damages if willful. The same bill's provenance chapter (13-72c) is AG-only and is not a separate row. This is a real AI/NCII statute, not yet operative."
VA,"Va. Code § 18.2-386.2 (2014, cc. 2019; 2024, c. 697)",Unlawful dissemination or sale of images of another (NCII / deepfake images),in force,Deepfake 'another person' definition: 2019; 2024 c. 697 further amendment,In force (2024 amendment effective per that chapter — typically 2024-07-01),same,"Persons who maliciously disseminate or sell nude/undress/obscene images of another, including AI-adapted images of a recognizable actual person, with intent to coerce, harass, or intimidate, knowing they are not authorized","Videographic or still image created by any means, including creating/adapting/modifying an image to depict a recognizable actual person",Internet/email/information service providers not responsible for content provided by another person. Does not preclude other prosecutions.,Criminal prosecutors (Class 1 misdemeanor),none in this section,none in this section (criminal fine schedule for Class 1 misdemeanor is not a civil statutory-damages PRA),none,https://law.lis.virginia.gov/vacode/title18.2/chapter8/section18.2-386.2/,silent,silent,silent (criminal section),silent,silent (none),silent as a residence clause in § 18.2-386.2 (malicious dissemination/sale of images of another),silent,silent,silent,n/a,none,silent,silent (criminal limitations are outside this section),internet/email/information service providers not responsible for content provided by another person,silent,also crime — Class 1 misdemeanor; this section is criminal only (no civil PRA),silent,silent,"videographic or still image created by any means, including creating/adapting/modifying an image to depict a recognizable actual person (another person includes that individual)",silent,silent,silent,2026-09-02,"Virginia's NCII statute reaches images created by any means and expressly treats as 'another person' someone whose image was used to create, adapt, or modify a depiction of an actual recognizable person — covering AI intimate deepfakes. The offense is a Class 1 misdemeanor when done maliciously with intent to coerce, harass, or intimidate and without authorization. ISPs are not liable for others' content. This section is criminal only; it does not create a civil PRA."
VA,"Va. Code §§ 59.1-575–59.1-585 (VCDPA, 2021 cc.; later minor amendments). Included only for the ADS/profiling hook.",Virginia Consumer Data Protection Act — profiling opt-out and assessments,in force,2021,2023-01-01,same,"Controllers meeting VCDPA thresholds (100,000 VA consumers, or 25,000 plus data-sale revenue test)",Right to opt out of profiling in furtherance of decisions that produce legal or similarly significant effects; data-protection assessments for that profiling,GLBA financial institutions and data; HIPAA; several other VCDPA entity/data exemptions. Not an insurance unfair-discrimination AI testing statute. No PRA.,Attorney General exclusive,none,"none (AG civil penalties under VCDPA — up to $7,500 per violation is the commonly quoted figure; confirm § 59.1-584 before relying)",30-day cure in VCDPA (still in the Act as commonly compiled; confirm current § 59.1-584),https://law.lis.virginia.gov/vacode/title59.1/chapter53/,silent (no class language; exclusive AG enforcement / no PRA),"none — nothing in this chapter shall be construed as providing the basis for, or be subject to, a private right of action for violations of this chapter or under any other law (§ 59.1-584(E))",yes — AG may recover reasonable expenses including attorney fees (§ 59.1-584(D)); collected amounts to a state fund,silent,"30 days written notice identifying provisions; if cured within 30 days with an express written statement that violations have been cured and no further violations shall occur, no action shall be initiated (§ 59.1-584(B))",persons that conduct business in the Commonwealth or produce products or services that are targeted to residents of the Commonwealth and that meet the volume/revenue tests (§ 59.1-576(A)); consumer = natural person who is a resident of the Commonwealth acting in an individual or household context (§ 59.1-575),express — produce products or services that are targeted to residents of the Commonwealth (§ 59.1-576(A)),silent,silent,n/a (GLBA FI/data exempt; profiling legal or similarly significant effects definition includes insurance as a decision type — not an insurance-code situs rule),"during a calendar year, control or process personal data of at least 100,000 consumers, or of at least 25,000 consumers and derive over 50 percent of gross revenue from the sale of personal data (§ 59.1-576(A))",silent (effective 2023-01-01),silent,30-day cure if the written statement is given (§ 59.1-584(B)),silent,civil-only,silent,"silent (GLBA/HIPAA and other federal-scheme exemptions are entity/data carve-outs, not a preemption clause)","profiling in furtherance of decisions that produce legal or similarly significant effects (provision/denial of financial/lending, housing, insurance, education, criminal justice, employment, health care, or basic necessities) (§ 59.1-575) — not an AI definition",silent in §§ 575/576/584 as pulled (assessments required for that profiling under 59.1-580; quote 59.1-580 for confidentiality before treating as discoverable or not),silent,silent,2026-09-02,"Virginia has no enacted comprehensive high-risk AI act (HB 2094 was vetoed 24 Mar 2025; override failed). The VCDPA is a general privacy law, indexed here only because it gives consumers an opt-out of profiling for legal or similarly significant effects and requires assessments for that processing. GLBA-regulated institutions are outside. The AG enforces; there is no PRA. Do not treat VCDPA as a Colorado-style AI act."
MA,"Mass. Gen. Laws ch. 6, § 220 (St. 2020, c. 253, police-reform package)",Law enforcement facial recognition searches,in force,"2020-12-31 (St. 2020, c. 253 approved)",in force (c. 253 effective clauses; § 220 is current G.L. text),same as effective,"Law enforcement agencies performing or requesting a facial recognition search; RMV, Department of State Police, and FBI as the only search channels named","Government use / biometric AI: facial recognition searches by law enforcement only through written request to RMV, State Police, or FBI, and only with a court/warrant-issuer order (reasonable grounds) or without an order to identify a deceased person or in a documented emergency involving substantial risk of harm","Agencies may acquire personal devices that use facial recognition solely for user authentication, and automated video/image redaction software that cannot perform facial recognition or other remote biometric recognition. Evidence from a biometric surveillance system is restricted if the system was knowingly solicited in violation of (b).",No private enforcer named in § 220; limits law-enforcement search practice (court order / emergency documentation),none in this section,none in this section,none,https://malegislature.gov/Laws/GeneralLaws/PartI/TitleII/Chapter6/Section220,silent,silent,silent,silent,silent (none),silent as a residence clause (Massachusetts law-enforcement searches / RMV-DSP-FBI channel),silent,silent,silent,n/a,none,silent,silent,device authentication and non-FR redaction software; emergency search with documented factual basis,silent,civil-only as this section (search limits / evidentiary restriction; not a consumer crime),silent,"silent (FBI named as a permitted search channel, not a preemption clause)",facial recognition search / facial recognition technology / biometric surveillance system (terms as used in § 220; no general AI definition),silent,silent,emergency requests shall document the factual basis; other documentation duties in § 220,2026-09-02,"Section 220 confines Massachusetts law-enforcement facial-recognition searches to written requests routed through RMV, State Police, or the FBI, and only for a court-authorized criminal investigation or a documented emergency/decedent identification. It is a government-use biometric statute, not a private-sector AI act. No PRA, statutory damages, or insurance-code hook."
MA,"Mass. Gen. Laws ch. 265, § 43A(b) (St. 2024, c. 118, An Act to prevent abuse and exploitation)",Criminal harassment — nonconsensual intimate images including digitization/deepfakes,in force,2024-06-20 (signed),2024-09-18 (90 days after signing; Mass.gov LE summary of c. 118),same as effective,"Whoever knowingly distributes visual material, including material produced by digitization, depicting an identifiable person who is nude, partially nude, or engaged in sexual conduct, causing physical or economic injury or substantial emotional distress","Deepfake / intimate synthetic media: digitization is creation or alteration of visual material, including computer-generated images, in a manner that would falsely appear to a reasonable person to be an authentic representation of the person depicted",Does not apply to voluntary/consensual nudity in a commercial setting or where there is no reasonable expectation of privacy; public-interest reporting of unlawful conduct; lawful LE/corrections/legal/medical (incl. telemedicine) practices; matter of public concern; ICS as defined in 47 U.S.C. § 230(f)(2) and information/telecommunications services as defined in 47 U.S.C. § 153 for content solely provided by another. Consent to creation is not consent to distribution.,"Criminal prosecutors (criminal harassment). Subsection (b)(4) preserves other remedies at law or in equity, including restraining orders against distribution — not a liquidated civil PRA.",none in this subsection (other remedies including injunction expressly not precluded; no statutory civil cause with scheduled damages),"none as private liquidated damages. Criminal: house of correction ≤ 2½ years and/or fine ≤ $10,000 for the (b) distribution offense; first-offense criminal-harassment fine otherwise raised to $5,000; subsequent up to $15,000 / state prison 10 years under (c)",none,https://malegislature.gov/Laws/SessionLaws/Acts/2024/Chapter118,silent,silent,silent (criminal section),silent,silent (none),silent as a residence clause (distribution of visual material of another),silent,silent,silent,n/a,none,effective 2024-09-18,silent in c. 118 for this offense (c. 118 separately extended SOL for other c. 265 family-violence crimes),ICS 47 U.S.C. § 230(f)(2) and telecom/information services 47 U.S.C. § 153 for content solely provided by another; LE/legal/medical/public-concern/commercial-exposure exceptions,silent,also crime — criminal harassment; does not preclude prosecution under G.L. c. 272 § 29C,silent,"silent (47 U.S.C. §§ 230/153 are safe-harbor cross-cites, not a preemption clause)",digitization: creation or alteration of visual material including through computer-generated images so it would falsely appear to a reasonable person to be an authentic representation of the person depicted (§ 43A(b)(1)),silent,silent,court-record visual material in a (b) prosecution is not open to public inspection except as specified,2026-09-02,"Chapter 118 added G.L. c. 265 § 43A(b), making knowing distribution of intimate visual material — including computer-generated/digitized deepfakes that a reasonable person would take as authentic — criminal harassment (up to 2½ years and/or $10,000). No statutory liquidated PRA; other injunctive/equitable remedies are preserved. Massachusetts has no enacted election-deepfake statute, no insurance-code AI UR statute, and no BIPA-style biometric damages statute as of 2026-09-02."
MD,"Md. Code Ann., Com. Law §§ 14-4601–14-4614 (Maryland Online Data Privacy Act of 2024, SB 541, 2024 Md. Laws ch. 455)",Maryland Online Data Privacy Act (profiling / ADS hook),in force,2024-05-09 (approved),2025-10-01 (ch. 455 § 4),in force; § 14-4612 processing activities only prospective as to activities before 2026-04-01 (ch. 455 § 2),"Controllers/processors that conduct business in Maryland or provide products/services targeted to residents of the State and that, in the preceding calendar year, controlled or processed personal data of ≥35,000 consumers (excluding data solely to complete a payment) or ≥10,000 consumers and derived >20% of gross revenue from the sale of personal data","ADS / profiling inside a privacy code: consumer right to opt out of profiling in furtherance of solely automated decisions that produce legal or similarly significant effects (definition expressly includes provision or denial of insurance); DPIA required for profiling that presents reasonably foreseeable unfair/abusive/deceptive treatment, unlawful disparate impact, financial/physical/reputational injury, offensive intrusion, or other substantial injury. Sensitive data includes biometric data generated by automatic measurements of biological characteristics.","Entity: State/local government bodies; certain SEC/CFTC associations; a financial institution, affiliate, or data subject to GLBA Title V; limited nonprofit LE/first-responder processors. Data: HIPAA PHI; specified research/human-subjects; FCRA and other standard data exemptions; personal data collected for, provided to, or used by or on behalf of a person regulated under the Insurance Article or an affiliate, in furtherance of the business of insurance (§ 14-4603(B)(13)).","Division of Consumer Protection (Attorney General) via Title 13 of the Commercial Law Article, except § 13-408 (the Title 13 private action is carved out of MODPA enforcement)",none (violation is a Title 13 unfair/abusive/deceptive practice except § 13-408; § 14-4613(b) does not prevent other remedies provided by law — not a new MODPA PRA),"none as private liquidated damages. Public Title 13 penalties apply (amounts in Title 13, not restated as a MODPA schedule)","For alleged violations on or before 2027-04-01, the Division may issue a notice of violation if it determines a cure is possible; if issued, at least 60 days to cure (§ 14-4614). Discretionary, not a mandatory pre-suit cure.",https://mgaleg.maryland.gov/2024RS/chapters_noln/Ch_455_sb0541E.pdf,silent,silent,silent in subtitle 46 (Title 13 machinery),silent,Division may give ≥60-day cure for violations on or before 2027-04-01 if it determines a cure is possible (§ 14-4614),"conducts business in the State or provides products or services that are targeted to residents of the State, plus volume/sale thresholds (§ 14-4602)",provides products or services that are targeted to residents of the State (paired with thresholds),silent,silent,"n/a (Insurance Article data in furtherance of the business of insurance is a data exemption, not a situs test)","≥35,000 consumers (excluding payment-completion-only processing) or ≥10,000 consumers and >20% gross revenue from sale of personal data",§ 14-4612 construed only prospectively; no effect on processing activities before 2026-04-01 (ch. 455 § 2),silent in subtitle 46,COPPA-compliant parental consent deemed compliance for child consent; GLBA/Insurance-Article data exemptions,silent,civil-only (Title 13 administrative/civil),silent,"silent (GLBA, HIPAA, Airline Deregulation, COPPA are exemptions/safe harbors, not a general preemption clause)","no standalone AI definition. Profiling = any form of automated processing of personal data to evaluate, analyze, or predict economic situation, health, demographic characteristics, preferences, interests, reliability, behavior, location, or movements. Biometric data = data generated by automatic measurements of biological characteristics of a consumer that can be used to uniquely identify the consumer.","controller shall conduct and document, on a regular basis, a data protection assessment for heightened-risk processing including specified profiling (§ 14-4610); silent on private-party discovery",silent,silent as a year-count (assessments documented on a regular basis),2026-09-02,MODPA is Maryland's comprehensive consumer privacy statute with an ADS hook: opt-out of solely automated profiling that produces legal or similarly significant effects (including insurance decisions) and DPIAs for risky profiling. Biometric data is sensitive. Enforcement is AG/Division Title 13 except the § 13-408 private action. GLBA entities/data and Insurance Article business-of-insurance data are out. No BIPA-style liquidated PRA.
MD,"Md. Code Ann., State Fin. & Proc. §§ 3.5-801–3.5-806 (Artificial Intelligence Governance Act of 2024, SB 818, 2024 Md. Laws ch. 496)",Artificial Intelligence Governance Act of 2024 (state-government high-risk AI),in force,2024-05-09 (approved),2024-07-01 (ch. 496 § 5),new high-risk AI deploy/procure ban beginning 2025-07-01 unless DoIT policies are met (§ 3.5-805); inventories/impact assessments on the chapter's staged dates,"Units of State government (AG, Comptroller, Treasurer, and specified public higher-ed have compatible-policy tracks rather than identical DoIT control). Research/academic AI at public senior higher-ed and Baltimore City Community College is carved to a parallel policy/report track.","Government use of high-risk / rights-impacting or safety-impacting AI: unit inventories, DoIT policies, impact assessments, and a bar on deploying a new AI system unless it complies with adopted policies","Public senior higher-education / BCCC research-or-academic-purpose AI is not under the main subtitle duties but must adopt functionally compatible policies and annual high-risk AI reports. Independent constitutional officers (AG, Comptroller, Treasurer) establish compatible policies.",Department of Information Technology; Governor's Artificial Intelligence Subcabinet (policy/oversight). No consumer PRA.,none,none,none,https://mgaleg.maryland.gov/2024RS/chapters_noln/Ch_496_sb0818E.pdf,silent,silent,silent,silent,silent (none),units of State government (Maryland executive/IT subtitle),silent,silent,silent,n/a,none (unit-of-government statute),new-system deploy bar 2025-07-01; not a general private-sector retroactivity clause,silent,research/academic higher-ed parallel track; constitutional-officer compatible policies,silent,civil-only (procurement/governance),silent,silent,"artificial intelligence: a machine-based system that (1) can, for a given set of human-defined objectives, make predictions, recommendations, or decisions influencing real or virtual environments; (2) uses machine and human-based inputs to perceive real and virtual environments and abstracts those perceptions into models through analysis in an automated manner; and (3) uses model inference to formulate options for information or action (SF&P § 3.5-801(c), as reprinted in 2026 ch. 445)",units shall conduct regular impact assessments of rights-impacting or safety-impacting high-risk AI as determined by the Subcabinet; inventories public as aggregated statewide inventory on DoIT's website (security withholdings apply),silent,annual inventories and reports; no consumer year-count,2026-09-02,"Chapter 496 is a state-government AI governance statute: inventories of high-risk AI, DoIT policies, impact assessments, and a 1 Jul 2025 bar on deploying new AI systems that do not comply. It does not regulate private-sector developers/deployers and creates no PRA."
MD,"Md. Code Ann., Crim. Proc. §§ 2-501–2-510 (SB 182, 2024 Md. Laws ch. 808)",Law enforcement facial recognition technology,in force,2024-05-16 (approved),2024-10-01 (ch. 808 § 2),same as effective,Law enforcement agencies using or contracting for facial recognition technology in criminal investigations; officers/employees/agents authorized to use it,"Government use / biometric AI: facial recognition technology (computer program/service/technology that analyzes facial features for identification, verification, or persistent tracking in still or video images for criminal investigations). Results may not be sole probable cause; independent trained-human verification required; prohibited uses (personal interest, political/social beliefs, lawful activity, protected-class targeting); suppression of results generated in violation; annual public reporting.",Does not include technology used only to grant or deny access to an electronic device. Additional operational limits and database-contract conditions are in the subtitle.,Law enforcement policy/training/reporting (Governor's Office of Crime Prevention receives annual reports). Evidentiary exclusion in criminal/juvenile proceedings for results generated in violation. No consumer PRA.,none in this subtitle,none in this subtitle,none,https://mgaleg.maryland.gov/2024rs/Chapters_noln/CH_808_sb0182e.pdf,silent,silent,silent,silent,silent (none),Maryland law-enforcement agencies (criminal investigations),silent (contracts for nongovernment FR systems must be disclosed on the agency website),silent,silent,n/a,none,effective 2024-10-01,silent,device-unlock FR excluded from the definition; limited introduction of derived evidence if the court finds specified conditions,silent,civil-only as this subtitle (procedure/evidence/reporting); not a new consumer crime,silent,silent,"facial recognition technology: a computer program, service, or other technology that analyzes facial features and is used by or at the direction of a law enforcement agency for identification, verification, or persistent tracking of individuals in still or video images for use in criminal investigations (§ 2-501)",silent,silent,annual reports by 1 Feb (agency publish) / 1 May (submit) / 1 Oct (statewide compilation),2026-09-02,"Chapter 808 regulates Maryland law-enforcement use of facial recognition: independent human verification, bans on specified discriminatory or off-duty uses, evidentiary limits, vendor disclosure, and annual demographic/use reporting. Government biometric AI, not a private-sector BIPA."
MD,"Md. Code Ann., Ins. §§ 15-10A-06, 15-10B-05.1 (HB 820, 2025 Md. Laws ch. 747)",Health insurance utilization review — use of artificial intelligence,in force,2025-05-20 (approved),2025-10-01 (ch. 747 § 2),same as effective,"Carriers (insurer, nonprofit health service plan, HMO, dental plan organization, or other person that provides health benefit plans subject to State regulation) that use AI/algorithm/other software for utilization review or that contract through an entity that does; PBMs and private review agents that contract with a carrier to provide UR and use such tools","Insurance-code AI: UR tools must base determinations on the enrollee's clinical history/circumstances/record, not solely on a group dataset; may not replace the health-care provider's role in the § 15-10B-07 determination process; no unfair discrimination; open to Commissioner audit; quarterly performance review; patient data not used beyond intended purpose (HIPAA as applicable). Express: an AI, algorithm, or other software tool may not deny, delay or modify health care services (§ 15-10B-05.1(D)). Adverse-decision quarterly reports must state whether such a tool was used.","No GLBA entity carve-out in this section (it is an Insurance Article UR duty). Scope is health-benefit UR, not P&C underwriting.","Maryland Insurance Commissioner (audit/compliance; existing UR penalty machinery under Title 15 Subtitle 10B, including § 15-10B-11 as referenced in the amended reporting section)",none in this chaptered text,none in this chaptered text (no new consumer liquidated PRA),none in this chaptered text,https://mgaleg.maryland.gov/2025RS/chapters_noln/Ch_747_hb0820T.pdf,silent,silent,silent in this chapter,silent,silent (none in this chapter),carriers providing health benefit plans subject to regulation by the State; UR on behalf of those carriers,silent (duty attaches to State-regulated carriers and their UR contractors),silent,silent,"health benefit plans subject to regulation by the State; 15-10A-06 reporting is for members entitled under a policy, plan, or certificate issued or delivered in the State",none,effective 2025-10-01,silent,silent,silent,civil-only (Insurance Article),silent,"silent (HIPAA named as data-use consistency, not preemption of the UR rule)","artificial intelligence: an engineered or machine-based system that varies in its level of autonomy and that can, for explicit or implicit objectives, infer from the input it receives how to generate outputs that can influence physical or virtual environments (§ 15-10B-05.1(A)(2))","tool open to inspection for audit or compliance reviews by the Commissioner; quarterly review/revision of performance, use, and outcomes — not a public AIA",silent,written policies in the utilization plan under § 15-10B-05; quarterly performance review,2026-09-02,"Chapter 747 is Maryland's insurance-code AI UR statute. Carriers, PBMs, and private review agents may not let an AI/algorithm/software tool deny, delay, or modify health care services; tools cannot replace the clinician's determination role, cannot decide solely from a group dataset, and must be auditable by the Commissioner. No new PRA. 2026 HB 1385 (human evaluation of AI UR) was not enacted."
MD,"Md. Code Ann., Crim. Law § 3-809; Cts. & Jud. Proc. § 3-505 (SB 360, 2025 Md. Laws ch. 219)",Revenge porn — computer-generated visual representation and civil action,in force,2025 (ch. 219; enrolled bill effective clause 2025-07-01),2025-07-01 (ch. 219 § 2),same as effective,"Persons who knowingly distribute a visual representation of another identifiable person with intimate parts exposed or engaged in sexual activity (legacy elements), or who knowingly distribute a computer-generated visual representation indistinguishable from another actual and identifiable person displaying intimate parts or sexual activity, with intent to harm/harass/intimidate/threaten/coerce and knowledge or reckless disregard of lack of consent","Intimate deepfake: computer-generated visual representation created with or without existing depictions, indistinguishable to an ordinary person from an actual visual representation; drawings/cartoons/sculptures/paintings excluded","Does not apply to lawful LE / reporting of unlawful conduct / legal proceedings, or voluntary exposure in public or commercial settings. ICS as defined in 47 U.S.C. § 230(f)(2) is not liable for content provided by another person.",State's Attorney (criminal misdemeanor). Depicted person has a civil cause of action.,PRA — CJP § 3-505 (defamation per se for CG distribution) and CL § 3-809(f) (defamation per se or invasion of privacy against any person who distributed the visual representation),no liquidated floor/cap in the chaptered text (defamation per se / invasion of privacy plus other relief; court may award reasonable attorney's fees to a prevailing plaintiff),none,https://mgaleg.maryland.gov/2025RS/chapters_noln/Ch_219_sb0360E.pdf,silent,depicted person (PRA); silent on class,yes — court may award reasonable attorney's fees to a prevailing plaintiff (CJP § 3-505(c); CL § 3-809(f)(2)),silent,silent (none),silent as a residence clause (distribution of a visual representation of another identifiable person),silent,silent,silent,n/a,none,effective 2025-07-01,silent in ch. 219 for the civil action (criminal timing rules of § 3-809 are outside the civil PRA),ICS 47 U.S.C. § 230(f)(2) for content provided by another; LE/legal/public-or-commercial-exposure exceptions,silent,"also crime — misdemeanor, imprisonment ≤ 2 years or fine ≤ $5,000 or both (§ 3-809(d)); plus civil PRA",silent,silent (47 U.S.C. § 230(f)(2) ICS safe harbor),"computer-generated visual representation includes a representation created without using other existing visual representations of a person, or created using other existing visual representations without consent; indistinguishable-from-actual includes a CG representation created, adapted, or modified to appear genuine / as an actual identifiable person",silent,silent,visual representations that are court records in a § 3-809 case are not open to public inspection except as listed (now including civil plaintiff/plaintiff's attorney),2026-09-02,"Chapter 219 extends Maryland revenge-porn law to computer-generated intimate images indistinguishable from an actual person and adds a civil action for defamation per se (CJP § 3-505) and defamation per se or invasion of privacy (CL § 3-809(f)), with discretionary fee-shifting and no liquidated statutory sum. Criminal track remains a misdemeanor (2 years / $5,000)."
MD,"Md. Code Ann., Elec. Law §§ 2-110, 16-905 (SB 141, 2026 Md. Laws ch. 444)","Election misinformation, election disinformation, and deepfakes",in force,2026-05-12 (approved),2026-06-01 (ch. 444 § 2),same as effective,"Persons who knowingly or with reckless disregard create, use, or disseminate a deepfake to produce materially false information with intent to impede/influence a voter's decision to cast a ballot, misrepresent election mechanics/results/official duties, induce signing or not signing a ballot-question petition, or influence a vote for/against a candidate or ballot issue, and the deepfake results or is intended to result in harm to a voter, potential voter, or petition","Election / political deepfake: image, audio, or video intentionally created or manipulated with generative AI or other digital technology to create a realistic but false depiction that an ordinary person would conclude is an actual visual or audio representation of the person depicted. State Administrator duties on credible reports including deepfakes (corrective information; injunction path).","Does not apply to satire or parody; specified radio/TV (including cable/satellite) candidate-ad, bona fide news with disclosure, or paid-broadcast good-faith screening; websites/newspapers/periodicals of general circulation that routinely carry news/commentary if they clearly state the media does not accurately represent the candidate's speech or conduct; online publishers or service providers for acts that would be subject to immunity under 47 U.S.C. § 230.","State Administrator of Elections (portal, corrective information, injunction). State Board may file a civil action (costs of corrective communications / attorney's fees as specified). Criminal prosecution of § 16-905(c).",none (no candidate/consumer PRA in the chaptered text; public/SBE civil action only),"none as private liquidated damages. Criminal: misdemeanor, fine ≤ $5,000 or imprisonment ≤ 5 years or both (§ 16-905(d)). SBE civil recovery is public costs/fees, not a consumer schedule.",none,https://mgaleg.maryland.gov/2026RS/chapters_noln/Ch_444_sb0141E.pdf,silent,silent (public enforcer),yes — State Board may recover attorney's fees in the specified civil action under § 2-110 (public plaintiff),silent,silent (none),"Maryland elections (voter's decision, voter registration/voting methods/election results/electoral processes/official duties, Maryland ballot-question petitions, candidate or ballot issue)",silent,silent,silent,n/a,none,effective 2026-06-01,silent,satire/parody; broadcast/news/periodical exceptions; 47 U.S.C. § 230-covered publisher/provider acts,silent,"also crime — misdemeanor ≤ $5,000 / 5 years; plus Administrator injunction and SBE civil action",silent,silent (47 U.S.C. § 230 immunity cross-cite),"deepfake: an image, audio recording, or video recording intentionally created or manipulated with generative artificial intelligence or other digital technology to create a realistic but false depiction of a person that an ordinary person would conclude is an actual visual or audio representation of the person depicted (§ 16-905(a)(2))",silent,silent,silent,2026-09-02,"Chapter 444 (effective 1 Jun 2026) criminalizes knowing or reckless creation/use/dissemination of generative-AI deepfakes that produce materially false election information with specified vote-influencing intent and harm. Satire, news, and § 230 publisher acts are out. Enforcement is the State Administrator/Board plus a misdemeanor — no private candidate PRA in the chaptered text."
MD,"Md. Code Ann., Crim. Law § 8-301 (SB 8, 2026 Md. Laws ch. 445)",Identity fraud — artificial intelligence and deepfake representations,delayed,2026-05-12 (approved),2026-10-01 (ch. 445 § 2),same as effective (not yet in force as of 2026-09-02),"Persons who knowingly, willfully, and with fraudulent intent use artificial intelligence or a deepfake representation to impersonate, falsely depict, or claim to represent another person causing harm, or to create or distribute false records with intent to cause harm, induce provision of personal identifying information, or obtain a benefit/credit/good/service/thing of value","AI / deepfake identity fraud: deepfake representation = photograph, film, video, audio, digital image, picture, or computer-generated image indistinguishable from an actual and identifiable human being (drawings/cartoons/sculptures/paintings excluded)","Deepfake definition excludes drawings, cartoons, sculptures, and paintings. Other existing identity-fraud exceptions in § 8-301 remain as amended. No insurance/GLBA entity carve-out in the AI subsection.",State's Attorney or Attorney General (existing § 8-301 investigative authority). Victim of a (f)(2) AI/deepfake violation may bring a civil action.,PRA — victim of an act that would constitute a violation of subsection (f)(2) may bring a civil action; court may issue an injunction and grant any other appropriate relief (no liquidated sum in (H)),"none as a private liquidated schedule. Criminal for (f)(2): felony, 1 victim imprisonment ≤ 5 years or fine ≤ $10,000 or both; 2+ victims ≤ 10 years or ≤ $15,000 or both. Restitution including reasonable attorney's fees for specified identity-repair costs remains available after conviction.",none,https://mgaleg.maryland.gov/2026RS/chapters_noln/Ch_445_sb0008T.pdf,silent,victim of the (f)(2) act (PRA); silent on class,silent in the civil (H) injunction/other-relief clause; criminal restitution may include reasonable attorney's fees for specified clearing costs after plea/guilty finding,silent,silent (none),prosecution may be commenced in any county in which an element occurred or the victim resides (existing § 8-301 venue),"silent (victim-resides venue is an in-state hook for prosecution, not an express OOS-developer clause)",silent,silent,n/a,none,effective 2026-10-01; not in force today,silent in ch. 445,definitional art exclusion (drawings/cartoons/sculptures/paintings),silent,also crime — (f)(2) felony (5yr/$10k one victim; 10yr/$15k two or more); plus civil injunction PRA,silent,silent,"artificial intelligence has the meaning in SF&P § 3.5-801. Deepfake representation: photograph/film/video/audio/digital image/picture or computer-generated image indistinguishable from an actual and identifiable human being, excluding drawings, cartoons, sculptures, and paintings.",silent,silent,silent,2026-09-02,"Chapter 445 (effective 1 Oct 2026 — delayed as of 2 Sep 2026) adds an AI/deepfake identity-fraud offense to CL § 8-301(f)(2) and a victim civil action for injunction and other appropriate relief, without a liquidated damages number. One-victim felony is 5 years/$10,000; two or more victims 10 years/$15,000."
PA,"18 Pa.C.S. § 3131; 42 Pa.C.S. § 8316.1 (Act 125 of 2024, P.L. 1095, SB 1213; § 8316.1 is the existing intimate-image civil damages statute cross-referencing § 3131)",Unlawful dissemination of intimate image — artificially generated sexual depiction,in force,2024-10-29 (Act 125 enacted from SB 1213),60 days after enactment (Act 125) — 2024-12-28,same as effective,"A person who, with intent to harass, annoy or alarm another, disseminates a visual depiction of a current or former sexual or intimate partner in a state of nudity or engaged in sexual conduct, or an artificially generated sexual depiction of an individual. Act 125 also amended 18 Pa.C.S. § 6312 (sexual abuse of children) and § 6321 (transmission by minor) to reach AI-generated child sexual-abuse material — criminal CSAM track in the same act.","Intimate-image AI deepfake: artificially generated sexual depiction is a visual depiction that appears to authentically depict an individual in nudity or sexual conduct that did not occur in reality, the production of which was substantially dependent upon technical means, including artificial intelligence or photo editing software, rather than physical impersonation","Offense defined is except as provided in 18 Pa.C.S. §§ 5903, 6312, and 6321 (those offenses apply instead where they control). No insurance/GLBA carve-out.",Criminal prosecutors (§ 3131). Private civil plaintiffs under 42 Pa.C.S. § 8316.1 (cause of action based upon unlawful dissemination of intimate image as defined in § 3131).,PRA (42 Pa.C.S. § 8316.1),"§ 8316.1: actual damages arising from the incident or $500, whichever is greater (loss of money, reputation or property); court may award up to three times the actual damages sustained, but not less than $500; plus reasonable attorney fees and court costs and additional relief the court deems necessary and proper",none,https://www.palegis.us/statutes/unconsolidated/law-information/view-statute?txtType=PDF&SessYr=2024&ActNum=0125.&SessInd=0,silent,natural person or guardian if incompetent (§ 8316.1(b)); silent on class,yes — reasonable attorney fees and court costs (§ 8316.1(c)(2)),silent,silent (none),"silent as a residence clause in § 3131 (dissemination with intent to harass, annoy or alarm another)",silent,silent,silent,n/a,none,Act 125 effective 60 days after 2024-10-29,silent in Act 125 / § 8316.1 as reviewed,"silent as an ICS clause in the Act 125 3131 excerpt reviewed (exceptions route through §§ 5903, 6312, 6321)",silent,also crime — § 3131 (Act 125 restated grading includes elevated grade when the person depicted is a minor); plus § 6312 AI-CSAM felonies in the same act; plus civil § 8316.1,silent,silent,"artificially generated sexual depiction: visual depiction that appears to authentically depict an individual in nudity or sexual conduct that did not occur in reality, production substantially dependent upon technical means including AI or photo editing software rather than physical impersonation (18 Pa.C.S. § 3131(g) as added by Act 125). Parallel artificially generated depiction definition added for child material under §§ 6312/6321.",silent,silent,silent,2026-09-02,"Act 125 (effective 28 Dec 2024) expanded 18 Pa.C.S. § 3131 to cover AI/photo-edited artificially generated sexual depictions disseminated with intent to harass, annoy, or alarm, and extended child-exploitation statutes to AI-generated CSAM. The pre-existing civil PRA at 42 Pa.C.S. § 8316.1 (actual or $500, discretionary treble, fees) follows the amended § 3131 definition. No insurance-code AI statute."
PA,"18 Pa.C.S. § 4101.1 (Act 35 of 2025, P.L. 120, SB 649)",Digital forgery (forged digital likeness / deepfake fraud),in force,2025-07-07 (Act 35),60 days after enactment — 2025-09-05,same as effective,"A person who, with intent to defraud or injure anyone, or with knowledge and intent to facilitate a fraud or injury by anyone, generates or creates and distributes a forged digital likeness as genuine, and knows or reasonably should know the visual representation or audio recording is a forged digital likeness","Non-intimate deepfake / voice clone: computer-generated visual representation of an actual identifiable individual or audio recording of that individual's voice, created/adapted/modified to closely resemble a genuine recording, that materially misrepresents appearance/speech/behavior, is likely to deceive a reasonable person, and is created and distributed without consent","Does not apply to constitutionally protected activity; a law enforcement officer in official duties; a provider or developer of technology used in the creation of a visual representation or audio recording; or an information service/system/access software provider that provides or enables computer access by multiple users to a computer server, including internet access. Affirmative defense: reasonable action to place viewers or listeners on notice that the likeness was not genuine. Construction: does not restrict security/fraud/identity-theft detection and response.",Criminal prosecutors. No civil PRA in § 4101.1.,none in this section,"none as private liquidated damages. Criminal: misdemeanor of the first degree; felony of the third degree if through involvement in a scheme to defraud, coerce, or commit theft of monetary assets or property.",none,https://www.palegis.us/legislation/bills/text/HTM/2025/0/SB0649/PN0920,silent,silent,silent (criminal section),silent,"silent (none) — disclaimer is an affirmative defense, not a cure period",silent as a residence clause (forgery of an actual identifiable individual's likeness/voice),silent,silent,silent,n/a,none,effective 2025-09-05,silent in Act 35,constitutional activity; LE official duties; technology provider/developer; multi-user information service / internet access provider; affirmative defense for reasonable fake-notice disclaimer,silent,also crime — M1 default; F3 if scheme to defraud/coerce/theft of assets; no civil PRA in this section,silent,silent,forged digital likeness: computer-generated visual representation of an actual identifiable individual or audio recording of that individual's voice meeting the four-part resemblance / material misrepresentation / likely-to-deceive / nonconsensual distribution test (§ 4101.1(f)),silent,silent,silent,2026-09-02,"Act 35 (effective 5 Sep 2025) created 18 Pa.C.S. § 4101.1 digital forgery: generating and distributing a nonconsensual computer-generated face or voice clone as genuine with intent to defraud or injure. M1, or F3 in a fraud/coercion/theft scheme. Disclaimer can be an affirmative defense. Tech providers and internet-access services are excepted. No civil PRA in the section. Pennsylvania election-deepfake and insurance-AI bills were not enacted as of 2026-09-02."
NC,"N.C. Gen. Stat. § 14-190.5A (as amended by 2024 N.C. Sess. Laws 37, HB 591, § 4)",Disclosure of private images — AI/synthetic intimate images; civil action,in force,2024-06-28 (ratified; SL 2024-37),2024-12-01 (SL 2024-37 § 5; applies to offenses committed on or after that date),same as effective,"A person who knowingly discloses an image of another identifiable person, without affirmative consent, with intent to coerce/harass/intimidate/demean/humiliate or cause financial loss (or to cause others to do so), where intimate parts are or are realistically depicted as exposed or the person is or is realistically depicted as engaged in sexual conduct, and the image was obtained, created, adapted, or modified without consent or under circumstances showing an expectation of privacy","Intimate-image AI deepfake: image includes a digital or computer-generated visual depiction, including a realistic visual depiction created, adapted, or modified by technological means, including algorithms or artificial intelligence, such that a reasonable person would believe the image depicts an identifiable individual. SL 2024-37 also updated related sexual-extortion and minor-exploitation definitions with AI language (not separately rowed).","Voluntary exposure in public or commercial settings; public-interest disclosures (LE, criminal reporting, legal proceedings, medical treatment, scientific or educational activities); providers of an interactive computer service as defined in 47 U.S.C. § 230(f) for images provided by another person. No insurance/GLBA carve-out.","Criminal prosecutors (Class H felony if offender ≥18; under-18 first offense Class 1 misdemeanor, subsequent Class H). Depicted person has a statutory civil cause of action.",PRA (§ 14-190.5A(g)),"actual damages, but not less than liquidated damages of $1,000 per day for each day of the violation or $10,000, whichever is higher; plus punitive damages; plus reasonable attorneys' fee and other reasonably incurred litigation costs. Court may also order destruction of the image.",none,https://www.ncleg.gov/enactedlegislation/statutes/html/bysection/chapter_14/gs_14-190.5a.html,silent,any person whose image is disclosed or used as described in (b); silent on class,yes — reasonable attorneys' fee and other litigation costs reasonably incurred (§ 14-190.5A(g)(3)),silent,silent (none),silent as a residence clause (disclosure of an image of another identifiable person),silent,silent,silent,n/a,none,applies to offenses committed on or after 2024-12-01 (SL 2024-37 § 5),"civil action no more than 1 year after initial discovery of the disclosure, but in no event more than 7 years from the most recent disclosure of the private image (§ 14-190.5A(g))",ICS 47 U.S.C. § 230(f) for images provided by another; public-interest and public/commercial-exposure exceptions,silent,also crime — Class H felony (adult offender); juvenile-track misdemeanor/felony as graded; plus civil PRA,silent,silent (47 U.S.C. § 230(f) ICS exception),"image includes a digital or computer-generated visual depiction, including a realistic visual depiction created, adapted, or modified by technological means, including algorithms or artificial intelligence, such that a reasonable person would believe the image depicts an identifiable individual (§ 14-190.5A(a)(2))",silent,silent,silent (court may order destruction of the image),2026-09-02,"SL 2024-37 (operative 1 Dec 2024) rewrote G.S. 14-190.5A so image expressly covers AI/algorithm-created intimate depictions of identifiable people. The statute is both a Class H felony (adults) and a PRA: liquidated damages of the greater of $1,000/day or $10,000, plus punitive damages and fees, with a 1-year-from-discovery / 7-year-from-last-disclosure SOL. No North Carolina insurance-code AI statute or election-deepfake statute is enacted. DOI Bulletin 24-B-19 is not a holding."
GA,"O.C.G.A. § 33-46-7.1 (SB 444, 2026 Ga. Laws Act 411)",Private review agents — health-coverage decisions not based solely on AI,delayed,2026-05-05 (signed; Act 411),2027-01-01 (SB 444 § 2),same as effective (not yet in force as of 2026-09-02),"Private review agents and utilization review entities using artificial intelligence systems, artificial intelligence, or other software tools as part of a utilization review plan under Title 33 Chapter 46",Insurance-code AI: tools may automate tasks and participate in decision-making but shall not issue an adverse determination to a patient until a natural person qualifying as a private review agent or utilization review entity conducts a utilization review in which a clinical peer participates. AI shall not supersede the judgment of that clinical peer.,No GLBA entity carve-out (this is an Insurance Title UR duty). Permits AI use inside a UR plan that otherwise meets Chapter 46 and Commissioner rules.,Georgia Insurance Commissioner (existing Chapter 46 private-review-agent certification/standards). No new consumer PRA in SB 444.,none in this Code section,none in this Code section (existing Chapter 46 penalties not restated),none in this Code section,https://gov.georgia.gov/document/2026-signed-legislation/sb-444/download,silent,silent,silent in this section,silent,silent (none),silent as a residence clause (Georgia Title 33 Ch. 46 private review agents / UR entities),silent,silent,silent,Title 33 Chapter 46 private-review-agent / UR certification (Georgia Insurance Code),none,effective 2027-01-01,silent,silent,silent,civil-only (Insurance Code UR),silent,silent,"artificial intelligence: a machine based system that can, for a given set of human defined objectives, make predictions, recommendations, or decisions influencing real or virtual environments. Artificial intelligence system: an engineered or machine based system that emulates the capability of a person to receive audio, visual, text, or other information and use it to emulate a human cognitive process (learning, generalizing, reasoning, planning, predicting, acting, or communicating) (§ 33-46-7.1(a))",silent,silent,silent,2026-09-02,"Act 411 (effective 1 Jan 2027) adds O.C.G.A. § 33-46-7.1: Georgia private review agents and UR entities may use AI in a compliant UR plan, but an AI system may not issue an adverse determination until a natural-person UR with clinical-peer participation occurs, and AI may not supersede that clinical peer's judgment. No new PRA. Delayed as of 2 Sep 2026."
GA,"O.C.G.A. § 39-5-6 (SB 540, 2026 Ga. Laws Act 518)","AI companion chatbot disclosures, minor safeguards, and crisis protocol",delayed,2026-05-11 (signed; Act 518),2027-07-01 (SB 540 § 2),same as effective (not yet in force as of 2026-09-02),"Operator: a person that owns, controls, or develops and makes available an AI companion chatbot to users in this state","Companion chatbot (AI/GenAI/emotional-recognition system designed to simulate a sustained human or human-like relationship by retaining session history, asking unprompted emotion-based questions, and sustaining personal dialogue): disclosure at session start and every 3 hours (hourly if known/marketed-to minor); minor anti-personation and sexual/self-harm/isolation limits; severe-harm/crisis protocol including 988 referral; ban on claiming a professional mental-health license unless lawfully authorized; age assurance before sexually explicit synthetic content; parental/screen-time tools for known-minor accounts","Not an AI companion chatbot: internal-business GenAI; software-dev/research/enterprise productivity GenAI; customer-service bots that do not sustain a relationship or elicit emotional attachment; stand-alone speaker/voice-assistant devices not designed to sustain a relationship or elicit attachment; narrowly tailored curriculum educational tools; video-game NPCs/chatbots restricted to game subject matter and incapable of open-ended companionship or self-harm/suicide/sexually explicit discussion; features of a video game/film/TV/theme park limited to that work and not discussing mental health, self-harm, or material harmful to minors. Hosting provider, app store, or search engine not liable solely for providing access absent direct operation/control. No liability for the developer of a conversational AI service made available to the public by a separate operator. Does not require disclosure of trade secrets or proprietary model weights.",Attorney General (civil action). AG may promulgate rules and guidance.,none (AG-only civil action in § 39-5-6(k); other remedies at law or equity are not impaired — not a new consumer PRA),"none as private liquidated damages. AG civil penalty up to $10,000 per knowing violation; compensatory damages; costs and reasonable attorney's fees; injunction. Each day in violation is a separate violation for each user affected.","AG may, in discretion, provide written notice and 30 days to cure for a first-time violation that does not involve knowing misconduct, sexual exploitation of a minor, or self-harm related misconduct",https://gov.georgia.gov/document/2026-signed-legislation/sb-540/download,silent,stacking — each day a separate violation for each user affected (AG action only) (§ 39-5-6(k)(2)),yes — AG may recover costs and reasonable attorney's fees (§ 39-5-6(k)(1)(C)),silent,discretionary AG 30-day cure for specified first-time non-knowing/non-minor-sex/non-self-harm violations,operator makes available an AI companion chatbot to users in this state (§ 39-5-6(a)(5)),silent (hook is making the chatbot available to users in this state),silent,silent,n/a,none,effective 2027-07-01,silent,listed product carve-outs; host/app store/search engine access-only; developer of a service operated by another; no trade-secret/model-weight disclosure duty,silent,civil-only (AG civil penalties),silent,silent (sexually explicit conduct cross-cites O.C.G.A. § 16-12-100 — definitional),"generative artificial intelligence system: a computer based system using machine learning or similar techniques involving LLMs or deep learning models trained on datasets, intended to generate with some degree of autonomy synthetic content (images, videos, audio, text, other digital content) that emulates the structure and characteristics of those datasets. AI companion chatbot and chatbot are separately defined in § 39-5-6(a).",silent (public website summary of crisis protocol and annual aggregate crisis-referral count — not an AIA),silent,"age-assurance data: minimize collection/retention; shall not retain identity documents longer than reasonably necessary; shall not sell age-assurance data; in no event used for any purpose other than age verification and in no event retained longer than 24 hours or another specified time if permitted by law, whichever is longer",2026-09-02,"Act 518 (effective 1 Jul 2027) is Georgia's companion-chatbot statute. Operators that make an AI companion chatbot available to users in Georgia must disclose non-human status, run a 988-capable severe-harm protocol, and apply extra minor and sexual-content age-assurance duties. AG-only: up to $10,000 per knowing violation per user per day, compensatory damages, fees, injunction; discretionary 30-day cure for narrow first-time cases. No consumer PRA. Delayed as of 2 Sep 2026."
GA,"O.C.G.A. § 16-11-90 (nude or sexually explicit electronic transmissions; falsely created videographic or still image amendment, 2022 Ga. Laws)",Nonconsensual intimate images including falsely created (deepfake) images,in force,orig. 2014; falsely-created / deepfake-capable text in the 2022 amendment to § 16-11-90,in force (2022 amendment on the Code as currently published),same,"A person who, knowing the content, electronically transmits or posts, or causes the transmission or posting of, a photograph or video depicting nudity or sexually explicit conduct of an adult, including a falsely created videographic or still image, without consent, when the transmission/post is harassment or causes financial loss, serves no legitimate purpose to the depicted person, and is posted to a sexually explicit site or by other electronic means as specified",Intimate deepfake: including a falsely created videographic or still image inside the NCII transmission offense,"LE/prosecution activities; legal/medical/scientific/educational activities; transmission made pursuant to or in anticipation of a civil action; specified self-depiction, originally-commercial, and public-setting voluntary-nudity exceptions in subsection (e). No insurance/GLBA carve-out.","Criminal prosecutors. High-and-aggravated misdemeanor or felony ranges by paragraph; fines up to $100,000 on felony convictions. No statutory civil PRA in § 16-11-90 (civil-action transmissions are an exception to the crime, not a damages schedule).",none in this Code section,none in this Code section (criminal fine schedule is not a civil PRA),none,https://law.justia.com/codes/georgia/title-16/chapter-11/article-3/part-3/section-16-11-90/,silent,silent,silent (criminal section),silent,silent (none),person subject to prosecution in this state pursuant to O.C.G.A. § 17-2-1 for conduct made unlawful by this section which the person engages in while [the territorial rules in (d)],territorial prosecution via § 17-2-1 as provided in § 16-11-90(d) — quoted only as the statute's own prosecution-in-this-state clause,silent,silent,n/a,none,silent (2022 deepfake-capable text is the current holding),silent in this section,LE; legal/medical/scientific/educational; civil-action transmissions; other (e) exceptions,silent,"also crime — misdemeanor of a high and aggravated nature or felony (1–5 years / ≤ $100,000) depending on paragraph and priors; each violation a separate offense",silent,silent,no general AI definition; prohibited content includes a falsely created videographic or still image depicting nudity or sexually explicit conduct of an adult,silent,silent,silent,2026-09-02,"O.C.G.A. § 16-11-90 criminalizes nonconsensual electronic transmission of adult intimate images and, since the 2022 amendment, expressly includes falsely created videographic or still images (the deepfake hook). Felony/misdemeanor grading with fines up to $100,000. No statutory civil damages PRA in the section. Georgia has no enacted election-deepfake statute (SB 9 died without conference agreement)."
CT,"Conn. Gen. Stat. §§ 42-515–42-525 (CTDPA; PA 22-15, as amended including PA 23-56 and PA 25-113 / sSB 1295)",Connecticut Data Privacy Act (profiling / ADS + LLM-training notice),in force (core chapter 2023-07-01; PA 25-113 amendments 2026-07-01),2022-05-10 (PA 22-15); PA 25-113 signed 2025-06-24 (session-law PDF),2023-07-01 (PA 22-15); 2026-07-01 (PA 25-113),same; dedicated profiling impact assessments for processing created/generated on or after 2026-08-01 (PA 25-113 — confirm section in session law),Persons that conduct business in CT or produce products/services targeted to CT residents and meet the § 42-516 volume thresholds (as amended by PA 25-113),"Profiling (automated processing of personal data to evaluate/predict economic situation, health, preferences, reliability, behavior, location or movements) and opt-out of profiling in furtherance of solely automated decisions that produce legal or similarly significant effects, which expressly include provision or denial of insurance (§ 42-515(15), (30); § 42-518(a)(5)(C)). PA 25-113 adds privacy-notice disclosure of collection/use/sale of personal data to train large language models.",§ 42-517: state/local government; nonprofits; higher ed; national securities association; financial institution or data subject to GLBA Title V; HIPAA covered entity/business associate; tribal nation government; air carriers; plus data-level HIPAA/FCRA/FERPA/DPPA etc. Employment-context data. PA 25-113 newly exempts insurers (confirm exact 2026-supplement § 42-517 text).,Attorney General exclusive (§ 42-525(a)),none — § 42-525(d) no PRA; CUTPA 42-110g does not apply (§ 42-525(e)),none (public CUTPA/AG only),mandatory 60-day AG cure 2023-07-01 through 2024-12-31; discretionary cure from 2025-01-01 on seven factors (§ 42-525(b)–(c)),https://www.cga.ct.gov/current/pub/chap_743jj.htm,silent,n/a (no PRA),silent in chapter (AG CUTPA path),silent,mandatory then discretionary AG cure as in § 42-525 (not a consumer notice-and-cure),conducts business in this state or produces products or services targeted to residents of this state (§ 42-516),silent (targeted-to-residents clause in § 42-516),silent,silent,n/a as insurance-code statute; legal/significant effects definition includes provision or denial of insurance (§ 42-515(15)); GLBA FI/data carve-out § 42-517(a)(6),"§ 42-516 as originally enacted: 100,000 consumers or 25,000 consumers + >25% gross revenue from sale of personal data; PA 25-113 lowered thresholds (confirm 2026 supplement numbers)",data protection assessments apply to processing created or generated after 2023-07-01 and are not retroactive (§ 42-522(f)),silent,silent,silent,civil-only,silent,cite — GLBA Title V entity/data exemption § 42-517(a)(6); HIPAA CE/BA; FCRA; FERPA; DPPA; Farm Credit; Airline Deregulation/price-route-service,n/a as AI — profiling is automated processing of personal data to evaluate/analyze/predict specified personal aspects (§ 42-515(30)); PA 25-113 LLM-training notice uses large language models (session law),data protection assessments confidential and FOIA-exempt; AG may require disclosure relevant to an AG investigation; privilege not waived (§ 42-522(c)),silent,silent,2026-09-02,"CTDPA is Connecticut's comprehensive consumer privacy act. The AI/ADS hook is the consumer right to opt out of profiling in furtherance of solely automated decisions with legal or similarly significant effects, a category that expressly includes insurance, employment, housing, education, health care, criminal justice, and essential goods/services. Controllers must document data protection assessments for high-risk profiling. PA 25-113 (effective 1 Jul 2026) adds a privacy-notice statement on using personal data to train large language models and a separate profiling impact-assessment duty for activities created on or after 1 Aug 2026. Enforcement is AG-only; the chapter expressly creates no PRA. GLBA financial institutions/data are exempt; PA 25-113 also adds an insurer entity exemption (confirm compiled 2026 text)."
CT,"PA 23-16 (sSB 1103) — An Act Concerning Artificial Intelligence, Automated Decision-Making and Personal Data Privacy",State-agency AI inventory and impact assessment,in force,2023-06-07,2023-07-01,inventory from 2023-12-31; no new agency AI without impact assessment beginning 2024-02-01 (PA 23-16 § 2(c)),Connecticut state agencies (C.G.S. § 4d-1),Government use of AI: DAS public inventory of agency AI systems; OPM policies; impact assessment before implementation; ban on implementing a system the agency head determines will result in unlawful discrimination or disparate impact on listed protected characteristics,Private-sector entities are not regulated by this act. Working-group private-sector recommendations in § 3 are not operative duties.,unconfirmed — act imposes agency duties on DAS/OPM/state agencies; no AG/PRA clause in the 10-page session law,none in session law,none in session law,none in session law,https://www.cga.ct.gov/2023/act/pa/pdf/2023PA-00016-R00SB-01103-PA.pdf,silent,silent,silent,silent,silent,state agencies of Connecticut only,silent,silent,silent,n/a,none,silent,silent,silent,silent,civil-only (agency process; no crime created),silent,silent,AI: (A) an artificial system that performs tasks under varying/unpredictable circumstances without significant human oversight or can learn from experience; is developed in software or hardware and solves tasks requiring human-like perception/cognition/planning/learning/communication/physical action; or is designed to think/act like a human or act rationally; or (B) a set of techniques including machine learning designed to approximate a cognitive task (PA 23-16 § 1(a)(1)),inventory is public on the state's open data portal (§ 1(b)(2)); impact-assessment contents otherwise silent as to discovery in private litigation,silent,silent,2026-09-02,"PA 23-16 is Connecticut's government-use AI statute. DAS must inventory agency AI systems (name, vendor, capabilities, whether the system independently makes/informs/supports a conclusion, and whether an impact assessment occurred) and post the inventory. From 1 Feb 2024 a state agency may not implement an AI system unless it has performed an OPM-procedure impact assessment to ensure the system will not result in unlawful discrimination or disparate impact, or if the agency head determines that it will. The act does not create private-sector duties or a PRA."
CT,PA 26-15 (sSB 5) §§ 4–6 — AI companion (An Act Concerning Online Safety),AI companion chatbots,delayed,2026-05-27 (signed; CGA status),2027-01-01 (§§ 4–6),2027-01-01,"Operators (individual, business entity, or affiliate) who provide or operate an AI companion for a user who uses it for personal use within the state","Companion chatbot: anthropomorphic natural-language AI that sustains a relationship; suicide/self-harm protocol and 988 referral; disclosure that the bot is not human; extra minor safeguards (no sexual/romantic interaction, no manipulative engagement, screen-time tools)",Not an AI companion: ops/productivity/customer-service/patient-care/education/financial-services bots not marketed as companions; video-game bots limited to game topics; stand-alone speaker/voice assistants that do not sustain a relationship; narrowly tailored school educational tools; health-education/clinical-support tools without anthropomorphic features; task-specific tools whose primary function is not mental-health discussion; model developers/licensors who do not solely determine the end-user use case/UI/deployment (§ 4(1)(B)),Attorney General solely; CUTPA § 42-110b; § 42-110g does not apply (§ 5(c)); § 6(c) AG solely,none — § 5(c) nothing shall be construed as providing the basis for a PRA,none (public CUTPA/AG only),none in statute,https://prdext2.cga.ct.gov/2026/ACT/PA/PDF/2026PA-00015-R00SB-00005-PA.PDF,silent,n/a (no PRA),silent,silent,silent,user uses an AI companion for personal use within the state (§ 4(7)),silent (duty attaches to providing/operating for an in-state user),silent,silent,n/a,none,silent,silent,silent,silent,civil-only,silent,silent,"cross-cite § 17 of PA 26-15: machine-based system that, for any explicit or implicit objective, infers from inputs how to generate outputs (content, decisions, predictions or recommendations) that can influence physical or virtual environments",silent,silent,silent,2026-09-02,"PA 26-15 §§ 4–6 (operative 1 Jan 2027) regulate operators of AI companions used for personal use in Connecticut. Operators must maintain an evidence-based suicide/self-harm/violence protocol with 988 referrals, post the protocol, not claim the companion is human, and give a clear disclosure (static or at first daily interaction, then hourly for minors / every three hours for adults). Extra minor rules bar sexual/romantic interaction and listed manipulative engagement techniques. Enforcement is AG-only CUTPA; the companion sections expressly create no PRA."
CT,PA 26-15 (sSB 5) §§ 7–12 — automated employment-related decision technology,Employment ADS / AEDT developer-deployer duties,delayed (framework 2026-10-01; deployer/developer duties for tools deployed on or after 2027-10-01),2026-05-27,2026-10-01 (§§ 7–12),developer information and deployer disclosure/notice apply to AEDT deployed in the state on or after 2027-10-01 (§§ 8–10),Developers and deployers doing business in the state who develop/substantially modify or deploy AEDT used as a substantial factor in employment-related decisions concerning an individual in the state,"ADS / automated employment decision: technology that processes personal data and uses computation to generate an output that is a substantial factor used to hire, promote, discipline, discharge, renew employment, select for training, or set tenure/terms/conditions","Not AEDT: ordinary office software insofar as it does not make/materially influence an employment decision; incidental systems; purely descriptive/diagnostic/statistical information not relied on to decide. Employment-related decision excludes nonmaterial task/hours changes and decisions solely about workplace health/safety, scheduling/planning, or productivity monitoring. Developer need not furnish information unless the tool was advertised/marketed/configured/contracted/sold/licensed to materially influence an employment-related decision (§ 8(b)). Trade-secret non-disclosure (§ 11).",Attorney General solely; CUTPA; 60-day cure for violations on or before 2027-12-31 if AG determines cure is possible (§ 12),none — enforced solely by the Attorney General (§ 12),none (public CUTPA/AG only),AG may issue a notice of violation and 60 days to cure for violations occurring on or before 2027-12-31 (§ 12),https://prdext2.cga.ct.gov/2026/ACT/PA/PDF/2026PA-00015-R00SB-00005-PA.PDF,silent,n/a (no PRA),silent,silent,60-day AG cure through 2027-12-31 (§ 12); not a consumer/applicant cure right,person doing business in the state who deploys AEDT in the state; substantial factor in a decision concerning an individual in the state; employee or applicant in the state (§§ 7–10),silent (doing-business-in-the-state + in-state deployment/individual),silent,silent,n/a,none,silent,silent,silent,silent,civil-only,silent,silent,AEDT defined functionally (computation on personal data generating an output that is a substantial factor in an employment-related decision) (§ 7(1)); AI definition in § 17 of the act,silent (no impact-assessment duty in §§ 7–12),silent,silent,2026-09-02,"PA 26-15 §§ 7–12 create a developer/deployer regime for automated employment-related decision technology. Starting with tools deployed on or after 1 Oct 2027, developers must give deployers the information needed to comply, and deployers must disclose to interacting employees/applicants that they are interacting with the tool (unless obvious) and, before using an output as a substantial factor in a covered employment decision, give written notice of purpose, trade name, data categories/sources, and contact. Enforcement is AG-only CUTPA with a 60-day cure for violations through 31 Dec 2027. No PRA."
CT,PA 26-15 (sSB 5) § 15 — generative AI provenance for covered providers,GenAI provenance (covered providers),delayed,2026-05-27,2026-10-01,2026-10-01,Covered providers: persons who create/code/produce a generative AI system with more than one million users per month that is publicly accessible to consumers for personal use (excludes federal/state/local government agencies) (§ 15(a)(2)),Synthetic media / GenAI provenance for image/audio/video systems publicly accessible to consumers,Government agencies excluded from covered provider. Other § 15 carve-outs and the enforcement clause sit later in § 15 of the 74-page act (hole if not fully extracted).,unconfirmed in the extracted definition block — other PA 26-15 AI duties are AG/CUTPA; confirm § 15 remainder,unconfirmed (none found in the extracted § 15 opening; confirm remainder),unconfirmed,unconfirmed,https://prdext2.cga.ct.gov/2026/ACT/PA/PDF/2026PA-00015-R00SB-00005-PA.PDF,silent,silent,silent,silent,silent,"system publicly accessible to consumers (consumer = CT resident, § 15(a)(1)) with >1 million users/month",silent,silent,silent,n/a,">1,000,000 users per month",silent,silent,silent,silent,silent,silent,silent,"Generative artificial intelligence system: technology that uses machine learning to generate images, audio or video, including deep learning, NLP, or similar/greater complexity (§ 15(a)(3))",silent,silent,silent,2026-09-02,PA 26-15 § 15 (effective 1 Oct 2026) defines covered GenAI providers as persons who produce a generative image/audio/video system with more than one million monthly users that is publicly accessible to Connecticut consumers for personal use. Full provenance duties and the enforcement clause sit later in § 15; those cells are unconfirmed from the opening extracted here and should be filled from the rest of § 15 before reliance.
CT,Conn. Gen. Stat. § 53a-189d (as added by PA 25-168 / HB 7287) plus PA 26-55 (sHB 5312),Unlawful dissemination of a synthetically created intimate image (crime + PRA),"in force (crime, 2025-10-01); delayed (civil PRA and platform takedown, 2026-10-01)",PA 25-168 (2025 budget); PA 26-55 approved 2026-05-26,crime: 2025-10-01 (PA 25-168); civil: 2026-10-01 (PA 26-55),same,Persons who disseminate a synthetically created intimate image; covered platforms (as described in 47 U.S.C. § 223a) for 48-hour takedown (PA 26-55 § 2),Intimate-image AI deepfake: synthetically created intimate image (definitions imported from § 53a-189d); civil action for knowing dissemination with intent to harm; platform notice-and-remove,PA 26-55 civil action is against the individual who knowingly disseminates with intent to harm; platform good-faith removal immunity (PA 26-55 § 2(d)). Crime-side exceptions: confirm § 53a-189d in PA 25-168 (budget PDF not isolated — hole).,"Criminal prosecutors (crime); private plaintiff (PA 26-55 § 1); AG petition for platform civil penalties up to $25,000/day (PA 26-55 § 2(e)); AG may combine with CUTPA ch. 735a","PRA (PA 26-55 § 1) for economic and noneconomic damages including emotional distress and punitive damages, injunction, costs and fees to the prevailing party","none liquidated in PA 26-55 (actual/noneconomic/punitive; no dollar floor). Platform AG penalty up to $25,000 per day is public, not private liquidated damages.",none in statute,https://www.cga.ct.gov/2026/act/pa/pdf/2026PA-00055-R00HB-05312-PA.pdf,silent,silent (action by any individual harmed),yes — court may award costs and reasonable attorneys' fees to the prevailing party (PA 26-55 § 1(a)),silent,platform 48-hour takedown after valid request; not a disseminator cure,silent as an in-state clause in PA 26-55 (Superior Court civil action),silent,silent,silent,n/a,none,silent,two years from the date of discovery of unlawful dissemination (PA 26-55 § 1(d)),silent,silent,also crime — dissemination offense in § 53a-189d (PA 25-168); civil is additional (PA 26-55 § 1(c)),silent,cite — covered platform described by 47 U.S.C. § 223a (PA 26-55 § 2(a)),synthetically created image / synthetically created intimate image as defined in § 53a-189d (imported by PA 26-55 § 1(e)),silent,silent,silent,2026-09-02,"Connecticut criminalized unlawful dissemination of a synthetically created intimate image in the 2025 budget (PA 25-168, offense at § 53a-189d, in force 1 Oct 2025). PA 26-55 (signed 26 May 2026; operative 1 Oct 2026) adds a Superior Court PRA for an individual harmed by knowing dissemination with intent to harm: injunction plus economic/noneconomic (including emotional distress) and punitive damages, with fees to the prevailing party, two-year discovery limitations, and identity-protection discretion. Covered platforms must take down within 48 hours; AG may seek up to $25,000/day. No private liquidated floor."
WA,Wash. Laws 2023 ch. 360 (ESSB 5152) — synthetic media in electioneering communications (new chapter in Title 42 RCW),Election synthetic media,in force,2023-05-09,2023-07-23,same,Sponsors of electioneering communications that use synthetic media; specified media that strip disclosures or themselves create synthetic media,"Election / political deepfake: image, audio, or video of appearance, speech, or conduct intentionally manipulated with GAN or other digital technology to create a realistic but false depiction",Affirmative defense if the communication includes the specified This (image/video/audio) has been manipulated disclosure (sec. 2(4)). Medium generally not liable; interactive computer service not treated as publisher/speaker of others' information except as in sec. 3(2). PDC may not treat a violation as a 42.17A violation (sec. 4).,Candidate plaintiff (injunction and damages). PDC adopts rules but has no 42.17A penalty authority under this chapter.,PAG/PRA — depicted candidate may seek injunctive/equitable relief and general or special damages against the sponsor (sec. 2(2)–(3)),none liquidated (general or special damages; no dollar floor),none in statute,https://lawfilesext.leg.wa.gov/biennium/2023-24/Pdf/Bills/Session%20Laws/Senate/5152-S.SL.pdf,silent,candidate whose appearance/action/speech is altered,yes — court may award a prevailing party reasonable attorneys' fees and costs (sec. 2(3)),silent,silent,electioneering communication (campaign-finance defined term imported from ch. 42.17A),silent,silent,silent,n/a,none,silent,silent,silent,silent,civil-only (sec. 4: not a 42.17A violation),silent,cite — 47 U.S.C. § 315 broadcasting exception; interactive computer service definition tracks 47 U.S.C. § 230 (sec. 3),"synthetic media: image/audio/video of an individual's appearance, speech, or conduct intentionally manipulated with GAN techniques or other digital technology to create a realistic but false depiction (sec. 2(1))",silent,silent,silent,2026-09-02,"ESSB 5152 (in force 23 Jul 2023) lets a candidate whose appearance, action, or speech is altered by synthetic media in an electioneering communication seek an injunction and general or special damages against the sponsor, plus fees. A specified manipulation disclaimer is an affirmative defense. The medium is generally not liable unless it strips the disclaimer or itself changes the content into synthetic media. Clear-and-convincing burden. No liquidated sum. Not a PDC campaign-finance violation."
WA,"RCW 9A.86.030 and ch. 7.110 (SHB 1999, 2024 Laws ch. 88) — fabricated intimate images",Fabricated intimate or sexually explicit images,in force,2024 (ch. 88),session-law header on SHB 1999.SL (commonly 90 days after 2024 adjournment; confirm printed effective date),same,Persons who knowingly disclose a fabricated intimate image; related CSAM digitization amendments in RCW 9.68A,"Intimate-image AI deepfake: fabricated intimate image created or altered by digitization, including by using artificial intelligence (RCW 9A.86.030(6))",Interactive-computer-service and other exceptions as in the chaptered bill (confirm 9A.86.030 remainder / 7.110). First offense gross misdemeanor; class C felony with a prior (RCW 9A.86.030(7)).,Criminal prosecutors; civil under ch. 7.110 as amended (confirm civil statutory-damages numbers from current 7.110 — hole),PRA under ch. 7.110 as amended by SHB 1999 (confirm current 7.110.020/050 text — hole),unconfirmed from the crime-definition extract; civil 7.110 amounts not isolated in this pass,none in statute,https://lawfilesext.leg.wa.gov/biennium/2023-24/Pdf/Bills/Session%20Laws/House/1999-S.SL.pdf,silent,silent,silent,silent,silent,silent in the extracted crime definition (Washington criminal code),silent,silent,silent,n/a,none,silent,silent,silent,silent,also crime — disclosing fabricated intimate images is a gross misdemeanor first offense / class C felony with a prior (RCW 9A.86.030(7)),silent,silent,Digitization includes creation or alteration of an image by using artificial intelligence (RCW 9A.86.030(6)(a)),silent,silent,silent,2026-09-02,SHB 1999 (2024 c 88) created the crime of disclosing fabricated intimate images and defined digitization to include AI. First offense is a gross misdemeanor; a prior 9A.86 conviction makes it a class C felony. The same bill amended the civil intimate-image chapter (7.110). Civil liquidated amounts were not isolated from the session-law extract in this pass and remain a hole; do not plead a dollar floor from secondary sources.
WA,"RCW 9A.60.010, 9A.60.045 (SHB 1205, 2025 Laws ch. 51)",Forged digital likeness — criminal impersonation 2d,in force,2025-04-16,2025-07-27,same,"Persons who knowingly distribute a forged digital likeness of another as genuine with intent to defraud, harass, threaten, or intimidate, or for any other unlawful purpose, knowing or reasonably should know it is not genuine",Deepfake / forged digital likeness used as criminal impersonation,"Does not prohibit distribution for cultural, historical, political, religious, educational, newsworthy, or public-interest uses including art, commentary, satire, and parody. No liability solely as a result of content provided by another for ICS (47 U.S.C. § 230(f)(2)), mobile telecommunications providers (RCW 82.04.065), and other listed intermediaries.",Criminal prosecutors,none in this act (crime only; personality-rights civil track is SSB 5886),none (criminal),none in statute,https://lawfilesext.leg.wa.gov/biennium/2025-26/Pdf/Bills/Session%20Laws/House/1205-S.SL.pdf,silent,n/a,silent,silent,silent,silent,silent,silent,silent,n/a,none,silent,silent,silent,silent,also crime — criminal impersonation in the second degree is a gross misdemeanor,silent,cite — 47 U.S.C. § 230(f)(2) ICS carve-out,forged digital likeness as defined in the reenacted RCW 9A.60.010 (visual/audio digitally created to be indistinguishable from genuine),silent,silent,silent,2026-09-02,"SHB 1205 (in force 27 Jul 2025) adds knowing distribution of a forged digital likeness as genuine, with intent to defraud/harass/threaten/intimidate or for another unlawful purpose, to criminal impersonation in the second degree (gross misdemeanor). Public-interest/satire/parody carve-out and ICS/carrier immunity for others' content. No civil PRA in this chapter."
WA,"RCW 63.60.020, .050, .060 as amended (SSB 5886, 2026 Laws ch. 69)",Personality rights — forged digital likeness,in force (no delayed-operative clause in the session law; default 90 days after 2026 adjournment — confirm calendar day),2026-03-16,default 90 days after 2026 regular-session adjournment (not restated in the bill; confirm),same,"Persons who use or authorize use of a living or deceased individual's or personality's forged digital likeness (or name/voice/signature/photograph/likeness) on goods in commerce in this state, or in advertising in this state, without consent","Deepfake / forged digital likeness in advertising, merchandising, fundraising, or solicitation",Existing personality-rights chapter structure remains (confirm unamended 63.60 exemptions). Infringement may occur without regard to profit (RCW 63.60.050 as amended).,Private owner of the right; superior courts,PRA,"$3,000 civil penalty plus actual damages and attributable profits; if the infringement is of a forged digital likeness, also noneconomic damages whether or not the infringement resulted in profit. One work = one infringement for computing statutory damages (RCW 63.60.060 as amended).",none in statute,https://lawfilesext.leg.wa.gov/biennium/2025-26/Pdf/Bills/Session%20Laws/Senate/5886-S.SL.pdf,silent,one-recovery per work — use in or related to one work is a single infringement regardless of copies or display count (RCW 63.60.060(2)),"yes — prevailing party may recover reasonable attorneys' fees, expenses, and court costs (RCW 63.60.060(5))",silent,silent,"goods, merchandise, or products entered into commerce in this state, or advertising/fundraising disseminated or published in this state (RCW 63.60.050)",chapter intended to apply to all individuals and personalities living and deceased regardless of place of domicile (RCW 63.60.010 as amended in sec. 1),silent,silent,n/a,none,silent,silent,silent,silent,civil-only (this chapter); related crime is SHB 1205,silent,silent,"Forged digital likeness: visual representation or audio recording of an actual identifiable individual digitally created/adapted/altered/modified to be indistinguishable from genuine, that misrepresents appearance/speech/conduct, and is likely to deceive a reasonable person (RCW 63.60.020(3))",silent,silent,silent,2026-09-02,"SSB 5886 (approved 16 Mar 2026) adds forged digital likeness to Washington's personality-rights statute. Unauthorized commercial or advertising use in this state is infringement. Remedies: injunction; $3,000 civil penalty plus actual damages and profits; noneconomic damages for forged-digital-likeness infringements even without profit; fees to the prevailing party. One work is one infringement. Domicile at death does not control existence of the right."
WA,2026 Laws ch. 167 (E2SHB 1170) — provenance data for generative AI,GenAI provenance for covered providers,delayed,2026-03-24,2027-02-01 (sec. 10),2027-02-01,"Covered providers: persons who create/code/produce a generative AI system that has at least 1,000,000 monthly users and is publicly accessible within the geographic boundaries of the state (excludes government) (sec. 2(2))",Synthetic media / GenAI provenance (machine-readable and conspicuous) plus government AI-interaction disclosure (Title 42 chapter),B2B-only systems; video-game systems (incl. in-game assets) not publicly accessible for generating media about real people/places; image/audio/video upscalers (sec. 3(6)). Does not restrict first-amendment-protected content (sec. 4(2)).,"Attorney General — Consumer Protection Act, chapter 19.86 RCW; chapter 19.86 applies and may be enforced only by the AG (sec. 4(3))",none — enforced only by the attorney general (sec. 4(3)),none (public CPA/AG only),none in statute,https://lawfilesext.leg.wa.gov/biennium/2025-26/Pdf/Bills/Session%20Laws/House/1170-S2.SL.pdf,silent,n/a (no PRA),silent,silent,silent,publicly accessible within the geographic boundaries of the state; >1 million monthly users (sec. 2(2)),silent,silent,silent,n/a,"at least 1,000,000 monthly users",silent,silent,silent,silent,civil-only,silent,silent,Generative AI system: machine-based system that infers from input it receives how to generate output that can influence physical or virtual environments and that has the capability of generating synthetic content (sec. 2(5)),silent,"yes — waiver of this chapter is contrary to public policy, void, and unenforceable (sec. 4(1))",unconfirmed in extracted provenance sections,2026-09-02,"E2SHB 1170 (operative 1 Feb 2027) requires covered GenAI providers (>1 million monthly users, publicly accessible in Washington) to apply machine-readable and conspicuous provenance to AI-generated image/video/audio. B2B, video-game, and upscaler carve-outs. Waiver of the chapter is void. CPA enforcement only by the AG — no PRA. A companion Title 42 chapter requires state/local government to disclose when a person is interacting with AI rather than a human unless obvious."
WA,2026 Laws ch. 168 (ESHB 2225) — companion chatbot safety,Companion chatbots,delayed,2026-03-24,2027-01-01 (sec. 9),2027-01-01,Operators: persons who make a companion chatbot platform available to users in this state (sec. 2(4)),"Companion chatbot: generative AI system with a natural-language interface that provides adaptive, human-like responses and is capable of meeting a user's social needs including offering anthropomorphic features (sec. 2(1))","Not a companion chatbot: bots solely for customer service, operations, productivity, or internal enterprise; research/training not publicly available; video-game bots limited to in-game topics; voice assistants on stand-alone speaker devices that do not sustain a relationship (sec. 2(1)(b))","CPA, chapter 19.86 RCW. Unlike E2SHB 1170, this chapter does not say only the AG may enforce — a private CPA action is not barred by the text of this chapter (sec. 6).",CPA per se (sec. 6: violation is an unfair or deceptive act in trade or commerce and an unfair method of competition for purposes of ch. 19.86). No express no-PRA clause.,none liquidated in this chapter (CPA remedies as otherwise provided),none in statute,https://lawfilesext.leg.wa.gov/biennium/2025-26/Pdf/Bills/Session%20Laws/House/2225-S.SL.pdf,silent,silent,silent,silent,silent,make a companion chatbot platform available to users in this state (sec. 2(4)),silent (available-to-users-in-this-state),silent,silent,n/a,none,silent,silent,silent,silent,civil-only,silent,silent,Generative AI system: any system that uses machine learning to generate new content including text/images/audio/video (sec. 2(3)); companion chatbot defined in sec. 2(1),silent,silent,silent,2026-09-02,"ESHB 2225 (operative 1 Jan 2027) requires operators of companion chatbot platforms available to Washington users to issue a first-session disclosure and a recurring three-hour disclosure that the user is interacting with AI, plus crisis-protocol duties (988 referral) in later sections of the chapter. A violation is a per se CPA unfair/deceptive act. Unlike the provenance statute, this chapter does not confine CPA enforcement to the AG. No liquidated private damages in the chapter."
WA,"RCW 48.43.830 as amended (E2SSB 5395, 2026 Laws ch. 157)",Health-plan utilization management — AI not sole means to deny,in force (default 2026-06-11); delayed for secs. 3 and 7 (2027-01-01),2026-03-23,2026-06-11 except secs. 3 and 7 on 2027-01-01 (session-law header),same,"Health carriers, health plans, and contracted utilization-review organizations (RCW 48.43.005 definitions imported)","Insurance-code AI: AI shall not be the sole means to deny, delay, or modify health care services; licensed professional must make the medical-necessity determination; algorithms may approve but not deny without human review; no replacement of a health-care professional's decision (RCW 48.43.830(5) as amended)",unconfirmed whether the AI sentence is in the 2026-06-11 block or the delayed secs. 3/7 — confirm against compiled RCW 48.43.830 after 2026-06-11,Insurance Commissioner / Title 48 (no new PRA in the extracted text of this amendment),none in this amendment (silent on a new PRA),none in this amendment,none in statute,https://lawfilesext.leg.wa.gov/biennium/2025-26/Pdf/Bills/Session%20Laws/Senate/5395-S2.SL.pdf,silent,silent,silent,silent,silent,silent,silent,silent,silent,health-plan / utilization-review organization under Title 48 RCW (Washington-regulated plans; situs not further restated in the extracted subsection),none,silent,silent,silent,silent,civil-only (insurance code),silent,silent,AI (undefined in the extracted 48.43.830(5) sentence; used as a statutory term),silent,silent,silent,2026-09-02,"E2SSB 5395 (2026 c 157) amends Washington's mental-health/SUD utilization-review statute so that AI cannot be the sole means used to deny, delay, or modify health-care services. A licensed professional must make the medical-necessity determination; algorithms may approve coverage but not deny it without human review. Default effective 11 Jun 2026; secs. 3 and 7 delayed to 1 Jan 2027. No new PRA in the extracted text."
MN,Minn. Stat. § 604.32 (2023 c 58),Civil action for nonconsensual dissemination of a deepfake depicting intimate parts or sexual acts,in force,2023 (ch. 58),2023-08-01,same,Persons who disseminate a deepfake as defined when they know or reasonably should know the depicted person does not consent; posting/publication/distribution/exhibition/digitization/exchange; consent to creation is not consent to dissemination,"Intimate-image AI deepfake: any electronic, mechanical, or other reproduction, however created, of a person's intimate parts or of a person engaging in a sexual act that did not actually occur, including by using AI","Does not apply when dissemination is for reporting unlawful activity, legal proceedings, or related to a matter of public concern or public interest (confirm remaining statutory exceptions on revisor page). Interactive-computer-service and similar: confirm remainder of § 604.32.","Private plaintiff; court may also award $1,000/day for violating an injunction",PRA,"up to $100,000 civil penalty payable to the plaintiff plus general and special damages (including damages for mental anguish) plus profits from the unauthorized dissemination; plus $1,000/day for violating an injunction (§ 604.32)",none in statute,https://www.revisor.mn.gov/statutes/cite/604.32,silent,plaintiff is the depicted person (or other person with a cause of action as stated),yes — court may award reasonable attorney fees and other costs of litigation to a prevailing plaintiff,silent,silent,Minnesota courts have jurisdiction if the plaintiff or defendant resides in Minnesota,silent (residence of either party suffices for jurisdiction),silent,silent,n/a,none,silent,tolled until the plaintiff discovers the deepfake (§ 604.32),silent,silent,civil-only in this section (related crime is § 617.261 / companion statutes),silent,silent,"deepfake: any electronic, mechanical reproduction, however created, including by using artificial intelligence, of intimate parts or a sexual act that did not actually occur",silent,silent,silent,2026-09-02,"§ 604.32 (in force 1 Aug 2023) gives a depicted person a PRA for nonconsensual dissemination of an intimate deepfake. Remedies include a civil penalty of up to $100,000 payable to the plaintiff, general and special damages including mental anguish, profits, injunction, fees, and $1,000/day for violating an injunction. Consent to creation is not consent to dissemination. Jurisdiction if plaintiff or defendant resides in Minnesota. SOL tolled until discovery."
MN,Minn. Stat. § 617.262,Nonconsensual dissemination of a deepfake depicting intimate parts or sexual acts (crime),in force,2023 (companion to ch. 58 / later amendments as compiled),as compiled on revisor (crime in force),same,Persons who disseminate a deepfake of intimate parts or a sexual act without consent as defined,Intimate-image AI deepfake crime,"Statutory exceptions as compiled (reporting, legal proceedings, public concern — confirm remainder)",Criminal prosecutors,none in this section (civil is § 604.32),none (criminal),none in statute,https://www.revisor.mn.gov/statutes/cite/617.262,silent,n/a,silent,silent,silent,silent,silent,silent,silent,n/a,none,silent,silent,silent,silent,"also crime — gross misdemeanor default; up to 3 years and/or $5,000 with aggravators as compiled",silent,silent,deepfake as defined in the section (AI-created intimate image/sexual act that did not occur),silent,silent,silent,2026-09-02,"§ 617.262 criminalizes nonconsensual dissemination of an intimate deepfake. Default is a gross misdemeanor; aggravating circumstances raise the penalty to up to three years and/or $5,000. Civil remedies live in § 604.32, not this section."
MN,Minn. Stat. § 609.771,Use of deepfakes to influence an election,in force,2023 (as compiled; later amendments as on revisor),as compiled,same,Persons who disseminate an election deepfake with the requisite intent within the statutory window,Election / political deepfake: AI-generated or digitally manipulated media of a candidate or ballot question intended to injure a candidate or influence an election,90-day / absentee-voting window as compiled; satire/news exceptions as compiled (confirm remainder of § 609.771),"AG, county attorney, city attorney; depicted individual; injured candidate — injunctive or other equitable relief only",injunctive/equitable only — no damages PRA in this section,none,none in statute,https://www.revisor.mn.gov/statutes/cite/609.771,silent,depicted individual or injured candidate (equitable),silent,silent,silent,silent,silent,silent,silent,n/a,none,silent,silent,silent,silent,also crime (as compiled),silent,silent,deepfake as defined in the section (election context),silent,silent,silent,2026-09-02,"§ 609.771 criminalizes use of deepfakes to influence an election within the statutory pre-election window, with intent to injure a candidate or influence the election. AG, county/city attorneys, the depicted individual, and an injured candidate may seek injunctive or other equitable relief. The section does not create a damages PRA."
MN,"Minn. Stat. § 62M.09 subd. 3 as amended by 2026 Laws ch. 124, art. 3, s. 6 (HF 4188)",Utilization review — automated processing / AI (insurance code),unconfirmed (amendment enacted; isolated new sentences not pulled from omnibus HTML in this pass),2026-05-27 (session; confirm chaptered signature block),unconfirmed (revisor flags 2026 c 124 art. 3 s. 6; secondaries say 2027-01-01 / plans issued or renewed — do not treat as holding),unconfirmed,Utilization-review organizations / health-plan UR under chapter 62M (confirm exact who in art. 3 s. 6),Insurance-code AI / automated processing of utilization-review determinations (expected: automated processing not sole basis for adverse PA determinations — unconfirmed quote),unconfirmed,unconfirmed (Title 62M / commerce; no isolated PRA),unconfirmed (none isolated),unconfirmed,none in statute,https://www.revisor.mn.gov/laws/2026/0/124/,silent,silent,silent,silent,silent,silent,silent,silent,silent,Minnesota chapter 62M utilization review (situs not isolated from art. 3 s. 6),none,silent,silent,silent,silent,civil-only (insurance code; unconfirmed),silent,silent,unconfirmed from isolated session-law text,silent,silent,silent,2026-09-02,"HF 4188 became 2026 Minnesota Laws chapter 124. Article 3, section 6 amends § 62M.09 subd. 3 (utilization-review staffing). The revisor flags the amendment, but the omnibus HTML dump in this pass did not isolate the new sentences, so AI-sole-means language, effective date, and any PRA/carve-outs remain unconfirmed. Do not quote trade-press (InsureAI Wire) as the holding. Fill from the chaptered law PDF or the next compiled revisor text."
FL,"Fla. Stat. § 106.145 (ch. 2024-126, HB 919)",Use of generative AI in political advertisements — disclaimer,in force,2024-04-26,2024-07-01,same,"Persons who sponsor, pay for, or approve a political advertisement that contains generated content from generative AI",Election / political generative AI: disclaimer that the advertisement contains content generated by generative artificial intelligence,as compiled (media/news exceptions typical of ch. 106 — confirm remainder of § 106.145),Florida Elections Commission complaint path as compiled; criminal — first-degree misdemeanor,none (no damages PRA in § 106.145),none,none in statute,https://www.flsenate.gov/Laws/Statutes/2025/0106.145,silent,n/a,silent,silent,silent,silent,silent,silent,silent,n/a,none,silent,silent,silent,silent,also crime — first-degree misdemeanor,silent,silent,generative artificial intelligence as used in § 106.145 (generated content in a political advertisement),silent,silent,silent,2026-09-02,§ 106.145 (ch. 2024-126; in force 1 Jul 2024) requires a specified disclaimer on political advertisements that contain generated content from generative AI. Violation is a first-degree misdemeanor; FEC complaint path. No damages PRA.
FL,"Fla. Stat. § 836.13 (as compiled 2025, including Brooke’s Law / ch. 2025-99)","Altered sexual depictions — generate, solicit, maliciously promote",in force (crime); platform process-by date 2025-12-31,as compiled (ch. 2022-212 origin; ch. 2025-99 Brooke’s Law amendments),as compiled 2025,same; platforms must have a process by 2025-12-31,"Persons who generate, solicit, or maliciously promote a nonconsensual altered sexual depiction; covered online platforms for notice-and-remove",Intimate-image AI / computer-generated nude parts: altered sexual depiction including computer-generated depictions of intimate parts,"PRA is against subsections (2) or (4) actors only. Platform failure to process/remove is FDUTPA, not the private liquidated claim. Other statutory exceptions as compiled.",Criminal prosecutors (F3); private plaintiff vs (2) or (4); FDUTPA for platform process/48-hour failure,PRA vs a person who violates subsection (2) or (4),"greater of $10,000 or actual damages, plus reasonable attorney fees and costs; each act of creating, soliciting, or promoting is a separate violation (§ 836.13)",none in statute,https://www.flsenate.gov/Laws/Statutes/2025/0836.13,silent,depicted person (each act separate),yes — reasonable attorney fees and costs,silent,platforms: process by 2025-12-31; remove within 48 hours; failure is FDUTPA,Florida has jurisdiction if any element of the offense occurs in the state OR any harm to the depicted person occurs in the state (§ 836.13(10)),silent (harm-in-Florida clause in (10)),silent,silent,n/a,none,silent,silent,silent,silent,also crime — third-degree felony,silent,silent (FDUTPA overlay for platforms),altered sexual depiction includes computer-generated depictions of nude/intimate parts as compiled,silent,silent,silent,2026-09-02,"§ 836.13 (compiled 2025, including Brooke’s Law) makes it a third-degree felony to generate, solicit, or maliciously promote a nonconsensual altered sexual depiction, including computer-generated nude parts. The depicted person has a PRA against (2) or (4) violators for the greater of $10,000 or actual damages plus fees; each act is separate. In-state if any element or any harm to the depicted person occurs in Florida. Platforms must run a process by 31 Dec 2025 and remove within 48 hours; failure is FDUTPA."
NJ,"N.J.S.A. 2C:21-17.7 and 2C:21-17.8 (P.L. 2025, c. 40; A3540)",Deceptive audio or visual media — crime plus PRA,in force,2025-04-02,immediate (approved 2025-04-02),same,"Natural persons who generate, solicit, or disclose deceptive audio or visual media to further a crime, or who knowingly or recklessly disclose illegally created media",Deepfake / deceptive A/V media used to further enumerated crimes (including official/political threats under 2C:27-3) plus knowing/reckless disclosure of illegally created media,"Satire, news reporting, and other listed exceptions; 47 U.S.C. § 230; developer who does not solely determine end-user use; advertising-channel intermediaries as in the chapter. Consecutive sentencing / no merger with the underlying crime.",Criminal prosecutors; private plaintiff (conviction not required),PRA,"actual damages not less than $1,000 liquidated per knowing or reckless violation, plus punitive damages if willful, plus fees",none in statute,https://pub.njleg.state.nj.us/Bills/2024/AL25/40_.HTM,silent,person injured by the violation (per knowing/reckless violation),yes — reasonable attorney fees as compiled in c. 40,silent,silent,silent,silent,silent,silent,n/a,none,silent,silent,silent,silent,"also crime — 3d degree (generate/solicit/disclose to further a crime) with fine up to $30,000; 4th degree knowing/reckless disclose of illegally created media; consecutive / no merger",silent,cite — 47 U.S.C. § 230 carve-out in the act,deceptive audio or visual media as defined in 2C:21-17.7/.8 (digitally created or altered A/V that falsely depicts a person),silent,silent,silent,2026-09-02,"P.L. 2025, c. 40 (A3540; approved 2 Apr 2025, immediate) creates 2C:21-17.7/.8. Generating, soliciting, or disclosing deceptive A/V media to further a crime (including 2C:27-3 official/political threats) is a third-degree crime with a fine up to $30,000. Knowing or reckless disclosure of illegally created media is a fourth-degree crime. Sentences run consecutive; no merger. PRA: actual damages not less than $1,000 liquidated per knowing/reckless violation, willful punitive damages, and fees; conviction is not required. Satire/news/§230/developer/ad-channel carve-outs."
NJ,"P.L. 2026, c. 43 (A3497 — FAIR Act) — algorithmic rent coordination",Algorithmic rent-setting / coordination (FAIR Act),delayed (enrolled PDF not retrieved in this pass; OLS fiscal note is not a holding),2026-07-20 (signature date as reported on legislative status — confirm enrolled session-law PDF),unconfirmed (~2027-07-01 on OLS fiscal note — not a holding),unconfirmed,Persons who provide or use algorithmic rent-coordination / rent-setting software as defined in the enrolled act (unconfirmed from PDF),Algorithmic pricing / rent coordination among landlords (antitrust-style),same-owner / commonly owned properties expected from OLS — unconfirmed. Local preemption expected — unconfirmed.,unconfirmed (AG portal expected from OLS — not a holding),unconfirmed,unconfirmed,none in statute,https://pub.njleg.state.nj.us/Bills/2026/A3500/3497_R2.HTM,silent,silent,silent,silent,silent,silent,silent,silent,silent,n/a,none,silent,silent,silent,unconfirmed (OLS describes local preemption — not a holding),unconfirmed,silent,silent,unconfirmed from enrolled PDF (algorithmic coordination / rent-setting software),silent,silent,silent,2026-09-02,"A3497 (FAIR Act) was signed as P.L. 2026, c. 43 on 20 Jul 2026. It is New Jersey's algorithmic rent-coordination statute. The enrolled session-law PDF was not retrieved in this pass (njleg TLS failures). OLS fiscal-note language (antitrust, AG portal, same-owner carve-out, local preemption, ~1 Jul 2027) is not treated as a holding. Damages, PRA, operative date, and exact who_regulated remain unconfirmed until the chaptered text is in hand."
IA,"Iowa Code ch. 554J (SF 2417, 91st G.A.; Acts ch. unconfirmed in enrolled PDF)",Conversational AI services,delayed (applies 2027-07-01),2026-05-02 (governor letter / bill history),2026-07-01 (Iowa default on bill history); Act applies 2027-07-01 (SF 2417 § 7),2027-07-01 (applicability),Operator: a person who develops and makes a conversational AI service available to the public. Operator does not include a mobile-device application store or a search engine solely because it provides access to a conversational AI service (§ 554J.1(4)),Conversational AI (primary purpose simulating human conversation via text/audio/visual). Minor disclosures and sexual-content/romance/sentience guards; persistent or 3-hour consumer disclosure if a reasonable individual would believe the service is human; suicide/self-harm crisis-referral protocol; ban on representing the service as licensed psychology/behavioral-health (chs. 154B/154D),Not a conversational AI service: primarily R&D; a feature in another program whose primary purpose is not simulating conversation; narrow/discrete-topic outputs; primarily designed/marketed for commercial customer-service/goods; speaker/voice-command/virtual assistant for a widely available device; internal-business-only use (§ 554J.1(2)(b)). Developer of an AI model not liable solely because a third party used the model to create or train a conversational AI service (§ 554J.6(5)),Attorney General; AG shall adopt ch. 17A rules (§ 554J.6(2)),none — chapter shall not be construed to create a PRA under this chapter or any other law (§ 554J.6(4)),"AG path: injunction and the greater of actual damages or a civil penalty of $1,000 per violation, up to $500,000 per operator; penalties to general fund (§ 554J.6(1),(3)). Not a private liquidated PRA.",none in enrolled act,https://www.legis.iowa.gov/docs/publications/LGE/91/SF2417.pdf,silent,"n/a (no PRA); public penalty capped $500,000 per operator",silent,silent,silent (none in enrolled act),conversational AI service accessible to the general public (§ 554J.1(2)(a)); no in-state-user clause in enrolled text,silent,silent,silent,n/a,none,"applies July 1, 2027 (§ 7) — not a general retroactivity clause",silent,model-developer non-liability solely for third-party use of the model (§ 554J.6(5)),silent,civil-only (civil penalty + injunction; no crime in enrolled act),silent,silent (sexually explicit conduct / visual depiction cross-cite 18 U.S.C. § 2256 — definitional),"Conversational AI service: an artificial intelligence, available by software application, web interface, or computer program, accessible to the general public, with the primary purpose of simulating human conversation and interaction through text, audio, or visual communication (§ 554J.1(2))",silent,silent,silent,2026-09-02,"Enrolled SF 2417 (signed 2 May 2026) creates Iowa Code chapter 554J. Operators that develop and publicly offer a conversational AI service must disclose AI use to minors and, if a reasonable person would think the bot is human, via a persistent disclaimer or every three hours; keep minor sexual/romance/sentience outputs from occurring; offer privacy tools; maintain a suicide/self-harm referral protocol; and not claim licensed psych/behavioral-health services. AG may seek an injunction and the greater of actual damages or $1,000 per violation (cap $500,000 per operator). The chapter expressly creates no PRA. It applies 1 Jul 2027."
IA,"Iowa Code § 514F.8(2A) (HF 2635, 91st G.A.; Acts ch. 1087 per bill history)",Utilization review — AI not sole basis for medical-necessity PA deny/delay/downgrade,in force (AI subsection 2026-07-01); related peer-review § 514F.8A delayed 2027-01-01,2026-05-13 (signed; bill history),2026-07-01 (bill history default; no delayed applicability on § 514F.8(2A)),same as effective for (2A); § 514F.8A peer-review denials 2027-01-01; e-PA API 2027-07-01,Utilization review organizations (and health carriers via ch. 514F); commissioner of insurance,"Insurance-code AI: a UR organization may use an AI-based algorithm or system for initial PA review, but shall not use it as the sole basis to deny, delay, or downgrade a medical-necessity prior-authorization request (§ 514F.8(2A))","§ 514F.8A/8B/8C plan-class carve-outs (accident-only, specified disease, short-term hospital/medical, hospital indemnity, credit, dental, vision, Medigap, LTC, basic hospital/medical-surgical as defined by commissioner, disability income, liability-supplement, workers’ comp, auto med-pay) attach to those new sections, not restated in (2A) itself",Commissioner of insurance. Remedy for noncompliance with § 514F.8 (including 2A) is chs. 505 and 507B procedures (§§ 507B.6–.8). Pattern/practice: commissioner may suspend UR authority (§ 514F.8E),none in HF 2635 for the AI sentence (insurance-code administrative/UTPA path),none as private liquidated damages. 507B penalties unconfirmed here.,none in enrolled AI subsection,https://www.legis.iowa.gov/docs/publications/LGE/91/HF2635.pdf,silent,silent,silent in HF 2635,silent,silent,"third-party payment provider contracts/policies/plans delivered, issued for delivery, continued, or renewed in this state (stated for 514F.8A/8B/8C; (2A) itself has no extra situs sentence)",silent,silent,silent,yes — Iowa insurance code ch. 514F UR; in-state delivery/issue/continue/renew used for companion sections,none,(2A) effective 2026-07-01; companion PA peer-review and audit sections apply to requests/audits/plans on or after 2027-01-01,silent,AI may be used for initial review so long as it is not the sole basis of a medical-necessity deny/delay/downgrade (§ 514F.8(2A)),silent,civil-only (DOI/507B),silent,silent,artificial intelligence-based algorithm or system (undefined further in enrolled (2A)),silent,silent,silent,2026-09-02,"HF 2635 (signed 13 May 2026, Acts ch. 1087) adds Iowa Code § 514F.8(2A): a utilization review organization may use an AI-based algorithm for initial prior-authorization review but may not use it as the sole basis to deny, delay, or downgrade a medical-necessity PA. The AI sentence took the Iowa default 1 Jul 2026. Peer-review/sign-off duties in new § 514F.8A apply to PA requests on or after 1 Jan 2027. Enforcement is the insurance commissioner via chapters 505 and 507B; pattern/practice can suspend UR authority. No PRA in the enrolled act."
IA,"Iowa Code § 708.7(1)(a)(5), (2)(a)(2) (HF 2240, 90th G.A.; 2024 Acts ch. 1065)",Harassment — nonconsensual visual depiction including created/adapted/modified images,in force,2024-04-19 (signed; bill history),2024-07-01 (Iowa default; bill history),same as effective,"Persons who disseminate/publish/distribute/post a visual depiction of another person in full/partial nudity or a sex act without consent, including using the person’s face/likeness/features to create, adapt, or modify the depiction","Deepfake/synthetic intimate image: 'another person' includes an identifiable individual whose image is used to create, adapt, or modify a visual depiction (HF 2240; compiled § 708.7(1)(a)(5))","§ 708.7(6): voluntary public/commercial exposure; public-interest disclosures (unlawful-conduct reporting, law enforcement, news, legal proceedings, medical); ICS of information provided by another ICP (47 U.S.C. § 230 terms)",Criminal prosecution. Sex-offender registration for offenders 18+ on (1)(a)(5) notwithstanding subsection 5,"none in § 708.7 for (1)(a)(5). Compiled § 708.7(7) PRA is only for (1)(a)(4) false crime-report harassment, not intimate images.",none (crime). First-degree harassment (includes (1)(a)(5)) is an aggravated misdemeanor (§ 708.7(2)(b)),none,https://www.legis.iowa.gov/docs/code/708.7.pdf,silent,silent,silent,silent,silent,silent in § 708.7 (Iowa criminal jurisdiction otherwise),silent,silent,silent,n/a,none,silent,silent in this section (criminal SOL otherwise),§ 708.7(6) carve-outs including 47 U.S.C. § 230 ICS,silent,also crime — aggravated misdemeanor first-degree harassment; 18+ sex-offender registration,silent,cite — ICS/ICP 47 U.S.C. § 230 terms in § 708.7(6)(c),"n/a as AI — create/adapt/modify visual depiction using face, likeness, or other distinguishing features (no 'artificial intelligence' token in compiled § 708.7)",silent,silent,silent,2026-09-02,"HF 2240 (signed 19 Apr 2024; 2024 Acts ch. 1065) expands Iowa harassment so that a nonconsensual nude/sex-act visual depiction includes a created, adapted, or modified image of an identifiable person. That offense is first-degree harassment (aggravated misdemeanor); offenders 18+ must register as sex offenders. Compiled § 708.7 does not create a PRA for this subsection (the civil action in (7) is only for false crime reports). ICS transmitting another’s content is carved out."
IA,"Iowa Code § 728.12(3) (SF 2243, 90th G.A.)",Sexual exploitation of a minor — synthetic/created visual depiction possession,in force,2024 (signed; exact calendar day unconfirmed from enrolled PDF blank signature line),2024-07-01 (bill history),same as effective,Persons who knowingly purchase or possess a visual depiction of a minor engaging in a prohibited sexual act or simulation,"Deepfake/CSAM: 'visual depiction of a minor' includes any visual depiction created, adapted, or modified to give the appearance that an identifiable minor is engaged in a prohibited sexual act or simulation; identifiable minor includes a person who was a minor when created/adapted/modified or whose image as a minor was used, recognizable by face, likeness, or other distinguishing features. Actual identity need not be proved (§ 728.12(3)(e)–(f))",silent in the enrolled SF 2243 extract (other 728.12 defenses unconfirmed here),Criminal prosecution,none in SF 2243,"none (crime). Class D felony first offense; class C felony second or subsequent, including substantially similar out-of-state priors (§ 728.12(3)(c)–(d))",none,https://www.legis.iowa.gov/docs/publications/LGE/90/SF2243.pdf,silent,multiple depictions of the same minor prosecuted as one offense; different minors in one depiction are separate (§ 728.12(3)(b)),silent,silent,silent,silent in enrolled section,silent (prior-conviction recognition of other-jurisdiction statutes is not an OOS-actor hook),silent,silent,n/a,none,silent,silent in enrolled section,silent in enrolled extract,silent,also crime — class D / class C felony possession,silent,silent,"n/a as AI — created, adapted, or modified visual depiction giving the appearance of an identifiable minor (no 'artificial intelligence' token in enrolled SF 2243)",silent,silent,silent,2026-09-02,"SF 2243 (effective 1 Jul 2024) amends Iowa Code § 728.12(3) so that possession of CSAM includes created, adapted, or modified visual depictions that make an identifiable minor appear to engage in a prohibited sexual act. First offense is a class D felony; subsequent is class C. The enrolled act does not add a PRA. Whether creation/dissemination subsections of § 728.12 were already broader was not re-pulled."
OH,"Ohio Rev. Code §§ 2917.211, 2307.66 (as amended by H.B. 96, 136th G.A., effective 2025-09-30)",Nonconsensual dissemination/creation of fabricated sexual images + civil action,in force,2025 (H.B. 96; exact signature calendar day unconfirmed),2025-09-30 (authenticated code / Ohio Laws),same as effective,"Persons who knowingly disseminate a fabricated sexual image without consent, or who without consent create or solicit creation of a fabricated sexual image with intent to distribute in order to harass, extort, threaten, or cause listed harms","Deepfake-adjacent: fabricated sexual image is a created, adapted, or modified image of a recognizable person in nudity or a sexual act (§ 2307.66(F); § 2917.211(A)(11)). Statute does not use the token 'artificial intelligence'.","§ 2917.211(E): lawful criminal investigation; reporting unlawful conduct; news/commentary/artistic or expressive works; LEO/corrections official duties; other lawful public purpose; adult who is knowingly/willingly nude or in a sexual act in a place without a reasonable expectation of privacy; medical treatment/examination. (F) ICS, mobile, telecom, ISP, cable, DBS, video-service providers not liable solely for an image provided by another person.",Criminal prosecution; victim civil action under § 2307.66,PRA — victim of a § 2917.211 violation may sue the offender (§ 2917.211(I); § 2307.66(A)),no liquidated floor. Injunction/TRO plus compensatory and punitive damages; presumed harm for nonconsensual private or fabricated sexual images; reasonable attorney's fees and costs (§ 2307.66(A)–(B)),none,https://codes.ohio.gov/ohio-revised-code/section-2307.66/9-30-2025,silent,silent,yes — reasonable attorney's fees and costs of bringing the civil action (§ 2307.66(A)),silent,silent,silent in these sections (Ohio PJ otherwise),silent,silent,silent,n/a,none,H.B. 96 amendments operative 2025-09-30 — not a general retroactivity clause,civil: four years after the victim discovers the private or fabricated sexual image (§ 2307.66(C)),provider non-liability for another’s image (§ 2917.211(F)); listed dissemination purposes (§ 2917.211(E)),silent,also crime — disseminate fabricated: F4 default / F3 with prior; create/solicit fabricated: F4 default / F3 with prior; also criminal forfeiture (§ 2917.211(H)),silent,silent (ICS defined via 47 U.S.C. § 230),"n/a as AI — fabricated sexual image: created, adapted, or modified image of a recognizable person in nudity or a sexual act (§ 2307.66(F))",silent,silent,silent,2026-09-02,"H.B. 96 (136th G.A.) amended Ohio’s nonconsensual-image statutes effective 30 Sep 2025 to cover fabricated sexual images (created/adapted/modified recognizable nudes or sex acts). Dissemination without consent is an F4 (F3 with prior); creation or solicitation with intent to distribute to harass/extort/threaten/harm is the same ladder. A victim has a civil action for injunction, compensatory and punitive damages, presumed harm, and fees, within four years of discovery. The statute never says 'artificial intelligence.' No enacted Ohio insurance-code AI UR statute (HB 579 / SB 164 pending). No election-deepfake statute enacted (SB 163 pending House as of May 2026)."
MI,2025 PA 11 (HB 4047) — Protection from Intimate Deep Fakes Act (uncodified MCL cite unconfirmed),Protection from Intimate Deep Fakes Act,in force,2025-08-26 (approved and filed),2025-08-26 (immediate effect),same as effective,A person who creates or disseminates a deep fake meeting the act’s elements; depicted individual (or a person representing the depicted individual) as civil plaintiff,"Deep fake: recording/image/technological representation of speech or conduct, not an original unmodified recording, so realistic a reasonable person would believe it depicts the person’s speech/conduct, and production substantially dependent on technical means rather than physical/verbal impersonation (sec. 2(a))","Civil/crime defenses: lawful criminal investigation/prosecution; reporting unlawful conduct; medical/mental-health treatment with no further dissemination; public-interest good-faith disclosure that the item is a deep fake (civil) / public-interest lawful public purpose (crime); legal proceedings. Consent is a defense only if a plain-language signed agreement describes the intimate depiction. No liability solely as transmission infrastructure: ICS (47 USC 230(f)(2)), public mobile/private radio, telecom/broadband, or a technology provider/developer not designed/marketed/deployed for nonconsensual intimate deep fakes that has prohibited explicit deep-fake content in TOS (secs. 5, 7, 8).",Criminal prosecution (sec. 8); depicted individual (or representative) civil action (sec. 3),PRA — sec. 3 civil action for nonconsensual creation or dissemination,"no liquidated floor. Economic and noneconomic (incl. mental anguish, embarrassment, humiliation) plus profits; fees and costs; TRO/injunction; civil fine ≤ $1,000/day for violating an injunction (sec. 6)",none,https://legislature.mi.gov/documents/2025-2026/publicact/pdf/2025-PA-0011.pdf,silent,silent,yes — actual court costs and fees and reasonable attorney fees to plaintiff (sec. 6(1)(c)),silent,silent,"venue: county where defendant or plaintiff resides, or where the deep fake was produced, reproduced, or stored (sec. 4(2))",silent (venue includes production/storage county and either party’s residence),silent (Michigan circuit court implied by venue),silent,n/a,none,immediate 2025-08-26 — not a general retroactivity clause,cause accrues when the depicted individual discovers creation or dissemination (sec. 4(1)); no outer years count in the act,"ICS/telecom/technology-provider non-liability (secs. 7, 8(6)); listed purpose defenses",silent,"also crime — misdemeanor ≤1 year / $3,000; felony ≤3 years / $5,000 with listed aggravators (financial loss, profit intent, website for creating/disseminating, posting on a website, intent to harass/extort/threaten/harm, prior) (sec. 8)",silent,cite — ICS 47 USC 230(f)(2) in secs. 7 and 8(6),n/a as 'AI' — deep fake defined by realistic technical (not impersonation) production (sec. 2(a)); no 'artificial intelligence' token in the enrolled act,silent,silent,silent,2026-09-02,"2025 PA 11 (HB 4047), signed 26 Aug 2025 and immediately effective, is Michigan’s intimate-deep-fake civil and criminal statute. A depicted individual may sue for nonconsensual creation or dissemination of a technically produced realistic intimate or sexual deep fake, recovering actual (including noneconomic) damages, profits, fees, and an injunction (with $1,000/day for violating the injunction). Crime is a 1-year misdemeanor or 3-year felony with aggravators. No private liquidated floor. ICS and non-purpose-built model providers have a transmission/technology safe harbor. The act does not use the words 'artificial intelligence.'"
MI,"Mich. Comp. Laws § 168.932f (2023 PA 265, HB 5144); AI definition MCL 169.202 (2023 PA 264)",Election — distribution of AI-produced materially deceptive media,in force,2023 (PA 265; exact signature calendar day unconfirmed),2024-02-13,same as effective,"A person who distributes, or agrees with another to distribute, materially deceptive media","AI election deepfake: image/audio/video that falsely depicts speech or conduct, would reasonably be believed, and was produced by artificial intelligence as defined in MCL 169.202, distributed within 90 days before an election with knowledge of falsity and dual intent to harm a candidate’s reputation/prospects and to change voting behavior by deception (§ 168.932f(1), (10)(c))","Safe harbor if a specified manipulation disclaimer is included (video throughout; audio at beginning and end; image visible), and if edited from an existing source a citation to the original (§ 168.932f(2))","Criminal prosecution; injunctive relief by AG, depicted individual, injured/likely-injured candidate, or any organization that represents the interests of voters likely to be deceived (§ 168.932f(4))","PAG-like limited — permanent injunctive relief only (no preliminary injunction). Not a damages PRA. Plaintiffs: AG, depicted individual, injured candidate, or voter-interest organization. Clear-and-convincing knowledge of falsity (§ 168.932f(4), (7), (9))","none as civil damages. Crime: first violation misdemeanor ≤90 days / $500; within 5 years of a prior conviction, felony ≤5 years / $1,000 (§ 168.932f(3))","none (disclaimer is an exception, not a post-violation cure)",https://www.legislature.mi.gov/Laws/MCL?objectName=mcl-168-932f,silent,silent,"yes — if a non-AG plaintiff is awarded permanent injunctive relief, the court may award costs and attorney fees to the plaintiff; frivolous-complaint path may award fees to the defendant (§ 168.932f(6), (8))",silent,disclaimer exception in (2); not a notice-and-cure,"venue: circuit court of a county where a party resides, or where the media could deceive and influence electors in an upcoming election (§ 168.932f(4))",silent (venue includes where electors in an upcoming election could be deceived),silent,silent,n/a,none; 90-day pre-election window,effective 2024-02-13 — not a general retroactivity clause,silent,compliant disclaimer + original-source citation when editing existing media (§ 168.932f(2)),silent,also crime — 90-day misdemeanor / 5-year felony with prior,silent,silent,"Materially deceptive media must have been produced by artificial intelligence. AI (MCL 169.202, 2023 PA 264): a machine-based system that can, for a given set of human-defined objectives, make predictions, recommendations, or decisions influencing real or virtual environments, and that uses machine and human-based inputs to perceive environments, abstract perceptions into models through automated analysis, and use model inference to formulate options for information or action.",silent,silent,silent,2026-09-02,"Michigan Election Law § 168.932f (2023 PA 265, effective 13 Feb 2024) makes it a crime to distribute AI-produced materially deceptive media within 90 days of an election with knowledge of falsity and intent both to harm a candidate and to deceive electors. A specified disclosure is a complete exception. The AG, a depicted person, a candidate, or a voter-interest organization may seek permanent (not preliminary) injunctive relief by clear and convincing evidence; a prevailing non-AG plaintiff may recover fees. No damages PRA. DIFS Bulletin 2024-20-INS is not a holding; no enacted insurance-code AI UR statute found."
AZ,"Ariz. Rev. Stat. § 16-1023 (HB 2394, 2024 Ariz. Laws ch. 193)",Digital impersonation of candidate or other person,in force,2024-05-21 (approved/filed),"2024-05-21 (emergency; operative immediately as provided by law, ch. 193 § 2)",2024-06-04 (14 days after effective date; § 16-1023(P)),"Publishers of digital impersonation; paid-ad actions only against the person/entity that originated, ordered, placed, or paid for the advertisement. Plaintiff: a candidate who will appear on the ballot in this state, or any citizen of this state","Digital impersonation: synthetic media using deep generative methods and artificial intelligence techniques to replace or simulate likeness/voice, created to deceive, reasonably believed authentic, not commentary/parody/satire/criticism/artistic expression, and not created by or with consent of the impersonated person (§ 16-1023(Q)(1))","ICS not subject for publishing information provided by another ICP (§ 16-1023(C)). Definitionally excludes commentary, parody, satire, criticism, artistic expression, and consented/self-created media. Narrow construction in favor of public-concern discourse and artistic expression (§ 16-1023(N))",Private plaintiff in superior court (county of plaintiff’s residence; presidential candidates extra Maricopa/elector-county venue),"PRA — default remedy is declaratory relief only. Injunctive relief and damages only if sexual/prurient depiction + plaintiff was not a public/limited public figure + actual knowledge or failure to take reasonable corrective action within 21 days of actual knowledge (§ 16-1023(A), (I))",no liquidated floor. Damages available only on the (I) track; amount unstated (actual). Proof: C&C for preliminary declaratory and for injunction/damages; preponderance for permanent declaratory (§ 16-1023(K)),21-day reasonable corrective action (remove/disable and publish a statement to the same audience) defeats the damages/injunction track if the publisher lacked actual knowledge at publication (§ 16-1023(I)(3)),https://www.azleg.gov/ars/16/01023.htm,silent,silent,silent (taxable costs denied if defendant defaults and no intervenor — § 16-1023(G)),silent,"21-day corrective action is an element of the damages/injunction path, not a general pre-suit notice","plaintiff is a candidate who will appear on the ballot in this state or any citizen of this state; venue in the superior court of the county where the plaintiff resides (§ 16-1023(A), (L))",silent,superior court of plaintiff’s Arizona county (or Maricopa/elector county for presidential candidates) (§ 16-1023(L)); jury trial right on contested permanent/damages claims (§ 16-1023(O)),silent,n/a,none,applies 14 days after effective date (§ 16-1023(P)),two years after the person knows or reasonably should know the digital impersonation was published (§ 16-1023(A)),ICS for third-party content; 21-day corrective action on damages/injunction track; satire/parody/etc. definitional exclusions,silent,civil-only (this section),silent,"silent (ICS/ICP defined in-state, tracking 47 U.S.C. § 230 vocabulary)",Digital impersonation uses deep generative methods and artificial intelligence techniques to replace or simulate a person’s likeness or voice (§ 16-1023(Q)(1)(a)),silent,silent,silent,2026-09-02,"HB 2394 (ch. 193, emergency signed 21 May 2024; operative 4 Jun 2024) creates A.R.S. § 16-1023. An Arizona ballot candidate or any Arizona citizen may sue over AI/deep-generative digital impersonation. The default remedy is fast preliminary and then permanent declaratory relief. Money damages and injunctions exist only for non-public-figure sexual/prurient impersonations published with actual knowledge or after a 21-day failure to correct. Two-year discovery SOL. No liquidated floor. ICS carrying another’s content is out."
AZ,"Ariz. Rev. Stat. § 16-1024 (SB 1359, 2024 Ariz. Laws ch. 199; originally enrolled as § 16-1023, recodified)",Election deepfakes — AI disclosure,in force,2024-05-29 (approved/filed),2024-09-14 (Arizona 2024 general effective date; not an emergency — confirm SOS table),same as effective (no delayed section in ch. 199),A person that acts as a creator (uses AI or other digital technology to generate synthetic media; does not include the provider of technology used in the creation) who creates and distributes a known deceptive and fraudulent deepfake of a ballot candidate within 90 days before the election,Must not create and distribute a deceptive and fraudulent deepfake of a candidate on that ballot unless the synthetic media includes a clear and conspicuous disclosure that the media includes content generated by artificial intelligence (§ 16-1024(A)),Satire or parody; interactive computer service as defined in 47 U.S.C. § 230 (§ 16-1024(B)). Creator excludes the provider of any technology used in the creation of synthetic media (§ 16-1024(D)(1)(b)),"Civil penalty path: liable for the civil penalty prescribed by § 16-937(B) for each day of undisclosed distribution (§ 16-1024(C)). § 16-937(B) as compiled is the campaign-finance late-report scale ($10/day first 15 days, $25/day thereafter). Named public plaintiff unstated in § 16-1024 itself.",unconfirmed — § 16-1024(C) says a person 'is liable for the civil penalty' but does not create an express consumer/candidate damages PRA,public-style civil penalty imported from § 16-937(B) per day; not a private liquidated floor,"none (disclosure is an element of the prohibition, not a cure)",https://www.azleg.gov/ars/16/01024.htm,silent,stacking — each day of undisclosed distribution is a penalty unit (§ 16-1024(C)),silent,silent,silent,candidate for elected office who will appear on the ballot; 90-day pre-election window (§ 16-1024(A)),silent,silent,silent,n/a,none; 90-day window,silent (general 2024 effective date),silent,satire/parody; ICS 47 U.S.C. § 230; technology-provider exclusion from 'creator',silent,civil-only (civil penalty; enrolled title originally said violation/classification but compiled § 16-1024 is civil-penalty),silent,cite — ICS as defined in 47 U.S.C. § 230,"Creator uses artificial intelligence or other digital technology to generate synthetic media. Synthetic media: image, audio, or video of appearance, speech, or conduct created or intentionally manipulated with digital technology to create a realistic but false image, audio, or video. Deceptive and fraudulent deepfake: synthetic media depicting a candidate with knowledge of falsity, intent to injure reputation, and calculated to mislead a reasonable person into concluding a real individual said or did something they did not (§ 16-1024(D))",silent,silent,silent,2026-09-02,"SB 1359 (ch. 199, signed 29 May 2024) is compiled as A.R.S. § 16-1024 after HB 2394 took the § 16-1023 number. Within 90 days before an election, a creator may not distribute a known deceptive candidate deepfake unless it clearly discloses AI-generated content. Satire/parody and § 230 ICS are out; the technology provider is not a 'creator.' The sanction is the § 16-937(B) per-day civil penalty. No express damages PRA in the compiled section. General 2024 effective date treated as 14 Sep 2024 pending SOS confirmation."
AZ,"Ariz. Rev. Stat. §§ 20-3103, 20-3407 (HB 2175, 2025 Ariz. Laws ch. 165)",Health-insurer medical-necessity claim and PA denials — independent medical-director review,in force (2026-07-01),2025-05-12 (approved/filed),"2026-07-01 (act effective from and after June 30, 2026; ch. 165 § 3)",same as effective,Health care insurers (Title 20) before denying a provider-submitted claim on medical necessity (§ 20-3103) or issuing a direct denial of a provider-requested prior authorization involving medical necessity (§ 20-3407),"Insurance-code human review: the medical director shall individually review the denial, shall exercise independent medical judgment, and may not rely solely on recommendations from any other source. The session law does not use the token 'artificial intelligence.'",silent in ch. 165 (limited to medical-necessity claim denials and direct PA denials involving medical necessity),unconfirmed in ch. 165 (Title 20 insurance department path expected; not spelled in the two new sections),none in ch. 165,none in ch. 165,none in ch. 165,https://www.azleg.gov/legtext/57leg/1R/laws/0165.pdf,silent,silent,silent,silent,silent,Arizona Title 20 health care insurers (no extra situs sentence in the two new sections),silent,silent,silent,"yes — Arizona Insurance Code Title 20, chs. 20 and 26",none,effective from and after 2026-06-30 — not a general retroactivity clause,silent,silent (AI/other tools may assist so long as the medical director individually reviews and does not rely solely on other-source recommendations),silent,civil-only,silent,silent,n/a — statute does not define or name AI; duty is independent medical judgment and no sole reliance on recommendations from any other source,silent,silent,silent,2026-09-02,"HB 2175 (ch. 165, signed 12 May 2025) added A.R.S. §§ 20-3103 and 20-3407, operative 1 Jul 2026. Before a health care insurer denies a provider claim on medical necessity, or issues a direct medical-necessity PA denial, the medical director must individually review the denial, exercise independent medical judgment, and must not rely solely on recommendations from any other source. The act never says 'artificial intelligence.' No PRA, no liquidated penalty, and no named enforcer in the two new sections. 2026 chatbot/government-AI bills (HB 2311, HB 2592) were vetoed."
OR,"Or. Rev. Stat. §§ 646A.570–646A.589 (SB 619, 2023 Or. Laws ch. 369) — Oregon Consumer Privacy Act (profiling / ADS)",Oregon Consumer Privacy Act (profiling opt-out),in force (for-profits 2024-07-01; 501(c)(3)s 2025-07-01; AG 30-day cure expired 2026-01-01),2023 (ch. 369; governor calendar day unconfirmed here),2024-07-01 (ch. 369 § 15); nonprofits delayed to 2025-07-01 (ch. 369 § 13),same; universal-opt-out signal and related 646A.578 amendments operative 2026-01-01 (ch. 369 § 12/15),"Person that conducts business in this state, or that provides products or services to residents of this state, and that during a calendar year controls or processes personal data of 100,000+ consumers (excluding payment-only) or 25,000+ consumers while deriving 25%+ of annual gross revenue from selling personal data (§ 646A.572(1))","Profiling (automated processing of personal data to evaluate/analyze/predict economic circumstances, health, preferences, interests, reliability, behavior, location or movements) and consumer opt-out of profiling in furtherance of decisions that produce legal effects or effects of similar significance, which expressly include providing or denying insurance, financial/lending, housing, education, criminal justice, employment, health care, or essential goods/services (§§ 646A.570(10),(16); 646A.574(1)(d)(C)). Data protection assessments for heightened-risk processing including profiling (§ 646A.586).","§ 646A.572(2): public bodies; HIPAA PHI; FCRA-in-accordance activity; GLBA information; Oregon Bank Act financial institutions; insurer (ORS 731.106) other than a mere self-insurance program; insurance producer, consultant, TPA licensee; insurance-fraud nonprofit; employment-context information; noncommercial journalism; etc.",Attorney General exclusive (§ 646A.589(7) as operative 2026-01-01),none — OCPA and any other Oregon laws do not create a PRA to enforce an OCPA violation (§ 646A.589(7)),"none private. AG civil penalty not more than $7,500 per violation; injunction/equitable relief; AG fees if AG prevails; defendant fees if AG had no objectively reasonable basis (§ 646A.589(4))",AG 30-day cure if AG determined the violation could be cured — expired; compiled text operative 2026-01-01 omits the cure subsection (ch. 369 § 11),https://www.oregonlegislature.gov/bills_laws/ors/ors646A.html,silent,"n/a (no PRA); AG $7,500 per violation","AG action: reasonable attorney fees, expert fees, and investigation costs to AG if AG prevails; to defendant if no objectively reasonable AG basis (§ 646A.589(4)(b))",silent,AG cure ended 2026-01-01,conducts business in this state or provides products or services to residents of this state (§ 646A.572(1)); consumer means a natural person who resides in this state acting other than in a commercial or employment context (§ 646A.570(7)),provides products or services to residents of this state (§ 646A.572(1)),AG action in Multnomah County circuit court or a county where any part of the violation occurred (§ 646A.589(4)(a)),silent,"n/a as insurance-code statute; legal-effects definition includes providing or denying insurance, but insurers/producers/consultants/TPAs are entity-exempt (§§ 646A.570(10); 646A.572(2)(n)–(q))","100,000 consumers or 25,000 + 25% revenue from sale of personal data",operative 2024-07-01; assessments/duties not stated as retroactive,AG shall bring an action within five years after the date of the last act of a controller that constituted the violation (§ 646A.589(5) as operative 2026-01-01),listed processing permissions § 646A.572(3); controller bears burden on exemption (§ 646A.572(7)),silent,civil-only,silent,"cite — HIPAA, FCRA, GLBA, DPPA, FERPA, Airline Deregulation (price/route/service) in § 646A.572(2)",n/a as AI — profiling is automated processing of personal data to evaluate/analyze/predict specified personal aspects (§ 646A.570(16)),data protection assessments: AG holds them in confidence and may not disclose except to listed persons; AG may use in investigations/actions (§ 646A.589(3)),silent,silent (assessments otherwise),2026-09-02,"Oregon’s Consumer Privacy Act (2023 ch. 369) is in force. The AI/ADS hook is the right to opt out of profiling in furtherance of decisions with legal or similarly significant effects, a category that includes insurance, employment, housing, credit, education, health care, criminal justice, and essential goods. Insurers and insurance producers/consultants/TPAs are entity-exempt, as is GLBA information and Bank Act FIs. AG-only; $7,500 per violation; express no PRA. 30-day AG cure ended 1 Jan 2026. Five-year AG limitations period."
OR,2024 Or. Laws ch. 62 (SB 1571) — synthetic media in campaign communications (ORS cite unconfirmed; likely added to ORS ch. 260),Campaign communications — synthetic media disclosure,in force (emergency on passage),2024 (ch. 62; governor calendar day unconfirmed),on passage (emergency clause in measure summary),same as effective,Persons making a campaign communication (in support of or opposition to a clearly identified candidate or measure) that includes any form of synthetic media. Aggregate-expenditure floor of ORS 260.005(10)(c)(B)(i) does not apply.,"Campaign communication that includes synthetic media (image/audio/video of appearance, speech, or conduct intentionally manipulated with AI techniques or similar digital technology to create a realistic but false recording that a reasonable person would believe occurred and that produces a materially different impression than the unaltered original) must include a disclosure that the media has been manipulated",Measure summary states exemptions for certain entities and content (satire/parody reported in secondary writeups). Isolated exemption sentences unconfirmed from enrolled PDF (OLIS fetch empty this pass).,"Secretary of State may institute proceedings to enjoin. Attorney General may institute proceedings to enjoin a violation by the Secretary of State, a candidate for that office, or a committee/person supporting them. Circuit court; priority hearing; injunction without proof of injury.",none in the extracted enrolled/summary text (SOS/AG injunction + court civil penalty),"court shall impose a civil penalty of not more than $10,000 upon proof of a violation; to General Fund (measure summary / fiscal). Not a private liquidated PRA.",unconfirmed,https://olis.oregonlegislature.gov/liz/2024R1/Downloads/MeasureDocument/SB1571/Enrolled,silent,silent,unconfirmed in isolated text (secondary writeups mention prevailing-party fees — not used as a holding),silent,unconfirmed,Oregon campaign communication in support of or opposition to a clearly identified candidate or measure,silent,Oregon circuit court (injunction action),silent,n/a,none (any aggregate expenditure amount),emergency on passage — not a general retroactivity clause,silent in extracted text,unconfirmed exemptions (satire/parody etc.),silent,"civil-only (civil penalty ≤ $10,000 + injunction)",silent,silent,"Synthetic media: image, audio, or video of an individual’s appearance, speech, or conduct intentionally manipulated with the use of artificial intelligence techniques or similar digital technology to create a realistic but false recording producing (A) a depiction a reasonable person would believe is of a real individual that did not occur and (B) a materially different understanding than the unaltered original (enrolled extract)",silent,silent,silent,2026-09-02,"SB 1571 (2024 ch. 62, emergency) requires a disclosure whenever an Oregon campaign communication includes AI/synthetic media that realistically but falsely depicts a person’s appearance, speech, or conduct. The Secretary of State (or AG when the Secretary is implicated) may seek an injunction; the circuit court imposes a civil penalty of not more than $10,000. Enrolled PDF did not render in this pass; exemption list and fee-shifting remain partly unconfirmed. No private damages PRA in the text reviewed."
OR,SB 1546 (2026 Or. Laws chapter unconfirmed) — AI companions,Artificial intelligence companions,delayed (effective 2027-01-01),2026-03-31 (signed; BillSponsor/OLIS status),2027-01-01 (measure effective date),2027-01-01; annual public report not later than December 31 of each year (enrolled § 1(5) extract),Operators of artificial intelligence companions and artificial intelligence companion platforms (full operator definition unconfirmed — enrolled PDF fetch empty this pass),"Companion chatbot: notice that the user is interacting with artificial output if a reasonable person would believe they were interacting with a natural person; suicide/self-harm detection and prevention protocol with crisis-lifeline referral and clinically informed intervention; extra minor statements/disclosures; ban on specified engagement-maximizing dark patterns (variable rewards, guilt/abandonment messages when the user tries to leave, material misrepresentation of identity/capabilities/training); annual public incident/protocol report",unconfirmed in isolated enrolled remainder (PDF not retrieved),Private plaintiff (user) under section 2; other public enforcer unconfirmed in isolated extract,PRA — an individual who suffers an ascertainable loss of money or property or other injury in fact as a result of an operator’s violation of section 1 may sue in a court of this state,"greater of actual damages or statutory damages of $1,000 for each violation, plus injunction. Court may award a prevailing plaintiff attorney fees and costs (enrolled § 2 extract via OLIS/BillSponsor).",unconfirmed,https://olis.oregonlegislature.gov/liz/2026R1/Downloads/MeasureDocument/sb1546/Enrolled,silent in extract,"stacking — $1,000 statutory damages for each violation (extract)",yes — court may award a prevailing plaintiff attorney fees and costs (§ 2(2) extract),silent in extract,unconfirmed,court of this state; user injury from operator violation (in-state-user clause unconfirmed),unconfirmed,a court of this state (§ 2 extract),silent in extract,n/a,unconfirmed,operative 2027-01-01,unconfirmed,unconfirmed,silent in extract,civil-only in extract,silent,silent in extract,unconfirmed full definition (act is 'relating to artificial intelligence companions'),"annual public report of referral counts and protocol details, without personal information (§ 1(5) extract)",unconfirmed (extract says relief does not relieve other duties),unconfirmed,2026-09-02,"SB 1546 (signed 31 Mar 2026; effective 1 Jan 2027) is Oregon’s companion-chatbot statute. Operators must disclose AI when a reasonable person would think the companion is human, run a suicide/self-harm protocol, add minor protections, avoid listed engagement manipulations, and post an annual de-identified referral report. A user who suffers ascertainable loss or injury in fact may sue in an Oregon court for the greater of actual damages or $1,000 per violation, plus injunction and (permissive) fees. Enrolled PDF did not render in this pass; carve-outs, nexus, and public enforcement remain holes. Status as signed is from OLIS/BillSponsor, not a re-read of the chaptered session law."
OR,"Or. Rev. Stat. § 163.472 (as amended by HB 2299, 2025 session; chapter number unconfirmed)",Unlawful dissemination of an intimate image — digitally created/manipulated/altered depictions,in force (Oregon 2025 default 2026-01-01 unless the bill said otherwise — confirm chapter),2025 (HB 2299 enrolled; governor calendar day unconfirmed),2026-01-01 (2025 regular-session default reported by OSB Tech Law; confirm chapter),same as effective,"A person who, with intent to harass, humiliate, or injure, knowingly discloses an image of another person whose intimate parts are visible or who is engaged in sexual conduct, knowing or reasonably should know the person does not consent, and a reasonable person would be harmed by the disclosure (ORS 163.472 as amended)","Deepfake-adjacent: enrolled HB 2299 adds digitally created, manipulated, or altered depictions that are reasonably realistic to the definition of 'image' for this crime (OSB Tech Law / enrolled catchline). Isolated definition sentence should be re-read from enrolled PDF.",Existing 163.472 exceptions remain in the enrolled amendment: LE investigation/prosecution; legitimate medical/scientific/educational activities; legal proceedings; reporting unlawful conduct; lawful public interest; images of voluntary public display or originally created for a commercial purpose with consent; ICS for an image of intimate parts provided by an ICP (47 U.S.C. § 230(f) terms),Criminal prosecution,none in the enrolled amendment extract (crime statute),none (crime). Class A misdemeanor default; Class C felony with a prior under this section (enrolled extract),none,https://olis.oregonlegislature.gov/liz/2025r1/Downloads/MeasureDocument/HB2299/Enrolled,silent,silent,silent,silent,silent,silent in extract,silent,silent,silent,n/a,none,2026-01-01 default — confirm,silent in extract,listed 163.472 exceptions including ICS,silent,also crime — A misdemeanor / C felony with prior,silent,cite — ICS 47 U.S.C. § 230(f) in existing exceptions,"n/a as AI token — digitally created, manipulated, or altered reasonably realistic depiction (enrolled amendment description)",silent,silent,silent,2026-09-02,"HB 2299 (2025) amends ORS 163.472 so that unlawful dissemination of an intimate image includes digitally created, manipulated, or altered reasonably realistic depictions. Default Class A misdemeanor; Class C felony with a prior. Existing public-interest, medical, legal, commercial-consent, and ICS exceptions remain. No PRA in the amendment extract. Effective date treated as 1 Jan 2026 pending chapter confirmation."
OR,2025 Or. Laws ch. 378 (HB 2748) — added to ORS 678.010–678.410,Nursing titles — nonhuman / AI agents,in force,2025 (ch. 378; BillTrack50 lists 2025-07-25 chapter assignment; governor calendar day unconfirmed),2026-01-01 (ch. 378 effective-date note),same as effective,"A nonhuman entity, including but not limited to an agent powered by artificial intelligence","May not use nursing titles or abbreviations: APRN, CRNA, CNS, LPN, RN, NP, CMA, CNA (enrolled § 2)",none in the two-section enrolled bill,unconfirmed in enrolled HB 2748 (no penalty/PRA/board clause in the enrolled text; likely existing ORS 678 unauthorized-practice/title path — not a holding until that chapter is read),unconfirmed (none in enrolled HB 2748),none in enrolled HB 2748,none in enrolled HB 2748,https://olis.oregonlegislature.gov/liz/2025R1/Downloads/MeasureDocument/HB2748/Enrolled,silent,silent,silent in enrolled bill,silent,silent,silent in enrolled bill (Oregon nursing-title chapter),silent,silent,silent,n/a,none,2026-01-01 — not a general retroactivity clause,silent,silent,silent,unconfirmed — enrolled bill is a title prohibition without a new crime section; existing 678 crimes unconfirmed,silent,silent,agent powered by artificial intelligence (undefined further),silent,silent,silent,2026-09-02,"HB 2748 (2025 ch. 378, effective 1 Jan 2026) prohibits a nonhuman entity, including an AI-powered agent, from using listed Oregon nursing titles (RN, LPN, NP, APRN, CRNA, CNS, CNA, CMA). The enrolled act is two sections and does not itself state a PRA, civil penalty, or board. Enforcement is unconfirmed pending ORS 678 title-protection penalties."
NV,"NRS ch. 294A (AB 73, 83rd Sess. 2025) — synthetic-media election disclosure (compiled section numbers unconfirmed)",Synthetic media disclosure in election communications,in force,2025 session enrolled; signed-date calendar unconfirmed on NELIS list pulled 2026-09-02,2026-01-01 (AB 73 sec. 6),same,"Person, organization, candidate, personal campaign committee, PAC, or party-sponsored committee that makes or pays for a covered communication that includes synthetic media","Election synthetic media: communications in support/opposition of a candidate/party, issue advocacy intending to influence an election, or contribution-solicitations that include synthetic media (GAN/AI/GenAI-manipulated image/audio/video of a person) must disclose 'This (image/video/audio) has been manipulated' (video entire duration; audio beginning, end, and every 2 minutes if >2 min)",No liability on streaming/ICS/cloud/ISP; radio/TV/telecom/cable/satellite; radio/TV programmers/producers; satire or parody publishers (AB 73 sec. 2(4)),Candidate depicted may seek injunction/equitable relief in district court against the maker/payer (sec. 2(3)); other public-enforcement path silent in the enrolled act,PAG — depicted candidate only; injunction or other equitable relief; no damages PRA in sec. 2(3),none in enrolled act (equitable only),none in enrolled act,https://archive.leg.state.nv.us/Session/83rd2025/Bills/AB/AB73_EN.pdf,silent,n/a (candidate equitable action),silent,silent,silent,communication made or paid for; disclosure on the communication (no extra-territorial clause),silent (maker/payer of the communication),district court (injunction) — no choice-of-law clause,silent,n/a,none,silent,silent,satire/parody; listed carriers/ICS (sec. 2(4)),silent,civil/equitable only in this act,silent,silent (ICS listed as nonliable; no 230 citation),"AI: machine-based system that, for explicit or implicit objectives, infers from input how to generate outputs (predictions, content, recommendations or decisions) that can influence physical or virtual environments; GenAI and GAN defined; synthetic media defined (sec. 2(5))",silent,silent,silent,2026-09-02,AB 73 (operative 1 Jan 2026) requires covered election communications that include synthetic media to carry a clear disclosure that the image/video/audio has been manipulated. A depicted candidate may seek an injunction or other equitable relief in district court against the person or committee that made or paid for an undisclosed communication. The enrolled act does not create a damages PRA or set a civil-penalty amount. Compiled NRS section numbers were not on the enrolled PDF.
NV,"NRS chs. 391, 433, 629 (AB 406, 83rd Sess. 2025) — AI in schools and professional mental/behavioral health care","AI mental and behavioral health (schools, providers, chatbots)",in force,2025-06-05 (Governor signed; enrolled PDF),2025-07-01 for operative duties; upon passage for regulations/prep (AB 406 sec. 10),2025-07-01,Public schools (incl. charter and university schools for profoundly gifted pupils); artificial intelligence providers operating/providing AI systems for use by a person in this State; licensed providers of mental and behavioral health care listed in sec. 8(6),"Government/education + chatbot/therapy: public schools may not use AI to perform school counselor/psychologist/social-worker mental-health functions (admin-support exception under DOE policy); AI providers may not represent an AI system as capable of professional MH/BH care or as a therapist/counselor/psychiatrist/doctor, and may not make available in this State a system specifically programmed to provide a service that would be professional MH/BH care if provided by a natural person; licensed providers may not use AI in connection with providing professional MH/BH care directly to a patient (admin-support exception with independent review of certain AI-generated billing/notes)","Self-help materials that do not purport to offer professional care; AI designed for licensed-provider administrative support (scheduling, records, billing, operational data, session notes) in conformity with sec. 8(2); school personnel may use AI for admin support and under the DOE policy (secs. 2(3), 7(6), 8(2))",Division of Public and Behavioral Health may investigate and bring an action to recover the civil penalty (sec. 7(4)); licensing boards for sec. 8 unprofessional conduct; DOE policy for schools,none in enrolled act,"public civil penalty not to exceed $15,000 per violation of sec. 7(1)-(3); deposited in State General Fund. Not a private liquidated PRA. Sec. 8 is unprofessional-conduct discipline only.",none in enrolled act,https://archive.leg.state.nv.us/Session/83rd2025/Bills/AB/AB406_EN.pdf,silent,n/a (no PRA),silent,silent,silent,AI system made available for use by a person in this State (sec. 7); public schools of Nevada; Nevada-licensed MH/BH providers,AI provider who makes a system available for use by a person in this State (sec. 7),silent,silent,n/a,none,silent,silent,admin-support and self-help exceptions quoted above,silent,civil penalty + professional discipline; no new crime in this act,silent,cite — HIPAA/HITECH and NRS 439.581-.597 apply to admin-support use (sec. 8(3)),"machine-based system that, for any explicit or implicit objective, infers from inputs how to generate outputs (content, decisions, predictions or recommendations) that can influence physical or virtual environments (secs. 2(4), 7(7), 8(6))",silent,silent,silent,2026-09-02,"AB 406 (operative 1 Jul 2025) is Nevada's enacted AI-therapy statute. Public schools may not use AI to perform counselor/psychologist/social-worker mental-health functions. AI providers may not market or program a system as professional mental/behavioral health care for users in Nevada, on pain of a Division civil penalty up to $15,000 per violation. Licensed MH/BH providers may not use AI in direct patient care but may use it for listed administrative support if they independently review certain AI-generated reports and comply with HIPAA/HITECH. No PRA."
NV,"NRS 200.770-200.780 (SB 213, 83rd Sess. 2025)",Unlawful dissemination of intimate images — photorealistic/computer-generated,in force,2025-06-05 (signed; enrolled PDF / NELIS),default Oct. 1 following enactment (no effective-date section in enrolled SB 213; NRS 218D.330 default — confirm compiled),same (default),"Person who, with intent to harass, harm or terrorize another, electronically disseminates/sells a traditional intimate image, or knowingly distributes a photorealistic/digital/computer/computer-generated intimate image of an identifiable person without consent","Intimate deepfake: intimate image includes a photorealistic, digital, computer, or computer-generated image that a reasonable person would believe depicts genitals/anus/exposed female nipple of another identifiable person or identifiable persons engaged in sexual conduct; distribution of such images without consent, created so a reasonable person would believe it is an actual depiction","Image not clearly identifiable; voluntary public/commercial exposure; public-figure exclusion repealed. Dissemination for legitimate public interest, reporting unlawful conduct, lawful LE/correctional activity, investigation/prosecution, or legal proceedings. Does not apply if the actor is under 18. Not a sex-offender registrable offense (NRS 200.780(4))","criminal prosecution (category D felony, NRS 193.130)",none in SB 213 (crime only; no civil PRA added),none in SB 213,n/a,https://archive.leg.state.nv.us/Session/83rd2025/Bills/SB/SB213_EN.pdf,silent,silent,silent,silent,silent,silent (crime defined by conduct/intent; no in-state clause in the enrolled amendments),silent,silent,silent,n/a,none,silent,silent,public-interest/LE/legal-proceeding exceptions; under-18 actors excluded,silent,category D felony (NRS 200.780(2)),silent,silent,n/a as 'AI' — photorealistic/digital/computer/computer-generated image that a reasonable person would believe depicts the person (NRS 200.770(1)(b) as amended),silent,silent,silent,2026-09-02,"SB 213 expands Nevada's category D felony for unlawful dissemination of intimate images to photorealistic, digital, computer, and computer-generated images of identifiable persons, and adds a distribution prong that does not require a reasonable expectation of privacy for those synthetic images. Public-figure exclusion is repealed. Minors who commit the offense are excluded from this section. No civil PRA or liquidated damages."
NV,"NRS 200.700, 200.725, 200.730 (SB 263, 83rd Sess. 2025)",Computer-generated child pornography (AI CSAM),in force,2025-06-06 (signed; confirm chapter stamp),default Oct. 1 following enactment (no effective-date section in enrolled SB 263; NRS 218D.330 default — confirm compiled),same (default),"Person who knowingly prepares, advertises, or distributes computer-generated child pornography, or who knowingly and willfully possesses it","AI CSAM: computer-generated child pornography includes visual depictions of an actual child adapted to sexual portrayal, an adult adapted to appear as a child in sexual portrayal, or a visual representation created by AI or other computer technology that appears to depict a child and is indistinguishable from a minor",silent in the definitional/prohibition amendments reviewed (existing defenses in the pornography-of-minors chapter not restated),criminal prosecution; sex-offender registration consequences via NRS 179D (digest),none in SB 263,"none (criminal fines: first-offense distribute up to $15,000; subsequent up to $15,000 plus category A imprisonment; possession first-offense up to $5,000)",n/a,https://archive.leg.state.nv.us/Session/83rd2025/Bills/SB/SB263_EN.pdf,silent,silent,silent,silent,silent,silent,silent,silent,silent,n/a,none,silent,silent,silent,silent,"distribute/prepare/advertise: category B first (1-15 years and/or $15,000), category A subsequent (10-life + optional $15,000); possess: category B first (1-6 years + optional $5,000), category A subsequent (1-life + optional $5,000). No dual conviction of 200.725 and 200.730 for the same material.",silent,silent,"computer-generated child pornography includes a visual representation created by the use of artificial intelligence or other computer technology capable of processing and interpreting specific data inputs to create a visual depiction, indistinguishable from a minor (NRS 200.700(1)(b))",silent,silent,silent,2026-09-02,"SB 263 amends NRS 200.700-.730 to cover computer-generated child pornography, including AI-created images indistinguishable from a minor and morphs of actual children or of adults made to appear as children. First-offense distribution is a category B felony; subsequent is category A. Possession is separately criminalized. No civil PRA."
WI,Wis. Stat. § 11.1303(2m) (2023 Wisconsin Act 123),Positive attribution — audio/video generative AI in political communications,in force,2024-03-21 (enacted); 2024-03-22 (published),2024-03-23 (day after publication),first applies to communications created on the effective date (nonstatutory),Person making an audio or video communication otherwise described in Wis. Stat. § 11.1303(2)(a) or (b) that contains express advocacy or issue advocacy or supporting or opposing a referendum and that contains synthetic media (audio/video content substantially produced in whole or in part by generative AI),"Election GenAI: if the communication is created in whole or in part with generative AI, it must include a disclosure that it contains content generated by AI; video must display the statement for the duration; audio must play at beginning and end",No liability on a broadcaster or other host or carrier unless that person is a committee responsible for the communication ((2m)(g)). May not be construed to alter 47 U.S.C. § 230 ICS immunities ((2m)(h)). Commission may by rule create limited exceptions ((2m)(d)). First applies to communications created on the effective date.,civil forfeiture via existing campaign-finance enforcement (Wis. Stat. § 11.1400(5)),none in Act 123 (campaign-finance forfeiture),"forfeiture not exceeding $1,000 for an intentional violation of § 11.1303(2m) (not a private PRA)",silent,https://docs.legis.wisconsin.gov/2023/related/acts/123.pdf,silent,silent,silent,silent,silent,Wisconsin campaign-finance covered communication,silent,silent,silent,n/a,reportable disbursement; express or issue advocacy identifying a candidate,first applies to communications created on the effective date — not retroactive to pre-existing content,silent,n/a beyond the disclosure itself,silent,civil forfeiture only in (2m),silent,silent,Synthetic media: audio or video content that is substantially produced in whole or in part by means of generative artificial intelligence (§ 11.1303(2m)(a)2.),silent,silent,silent,2026-09-02,"2023 Act 123 requires Wisconsin committees, conduits, and IECs to disclose when a covered audio or video political communication is created in whole or in part with generative AI. Intentional violations carry a forfeiture of not more than $1,000. Still images are not covered. First applied to communications created on or after 23 Mar 2024."
WI,Wis. Stat. § 942.09(2)(am)4. (2025 Wisconsin Act 34),Representations depicting nudity — synthetic intimate representation,in force,2025-10-02 (enacted; published 2025-10-03),2025-10-04 (day after publication),same,"Person who posts, publishes, or causes to be posted/published a synthetic intimate representation of another identifiable adult without that person's consent, with intent to coerce, harass, or intimidate",Intimate deepfake: captures posting/publishing of a synthetic intimate representation (AI/computer-generated intimate depiction of an identifiable person) with the specified intent,"ICS / information service / telecommunications service if the intimate representation is provided by a third party (§ 942.09(2)(dm)). Parent/guardian exceptions in (2)(bm) are for capture of a child, not restated as a synthetic-posting harbor. Intent to coerce, harass, or intimidate required for (am)4.",criminal prosecution,none in Act 34 (crime only; no civil PRA in the act),none in Act 34,n/a,https://docs.legis.wisconsin.gov/2025/related/acts/34.pdf,silent,silent,silent,silent,silent,silent,silent,silent,silent,n/a,none,silent,silent,silent,silent,Class I felony for § 942.09(2)(am) including synthetic intimate (am)4; Class H felony if the person depicted had not attained 18 at the time of the violation (§ 942.09(2)(dr)). ICS / information / telecom services if content provided by a third party; newsworthy/public-importance private-representation harbor is in (2)(dm) and is not restated as a synthetic-specific harbor.,silent,silent,"Synthetic intimate representation: a representation generated using technological means that uses an identifiable person’s face, likeness, or other distinguishing characteristic to depict an intimate representation of that person, regardless of whether the representation includes components that are artificial, legally generated, or generally accessible, and that is so realistic that a reasonable person would believe it depicts conduct of the identifiable person (§ 942.09(1)(e))",silent,silent,silent,2026-09-02,"2025 Act 34 (in force 4 Oct 2025) adds a Class I felony (Class H if the depicted person is under 18) for posting, publishing, distributing, or exhibiting a synthetic intimate representation of an identifiable person with intent to coerce, harass, or intimidate that person. Definition covers technological generation using the person’s face/likeness even if components are artificial. Crime only; no civil PRA in the act."
WI,Wis. Stat. § 452.136(1m) (2025 Wisconsin Act 69),Real estate marketing — AI/technology alteration disclosure,enacted — delayed operative,2025-12-09 (enacted; published 2025-12-10),2027-01-01 (delayed),2027-01-01,Real estate licensee (ch. 452) in all advertising,"Consumer/marketing disclosure: a licensee shall in all advertising disclose if the advertising has been altered or modified using technology, including artificial intelligence, to add, remove, or change elements of the property that creates a false or misleading impression of the property (§ 452.136(1m))",none in (1m),DSPS / Real Estate Examining Board via existing ch. 452 discipline (dollar penalty unconfirmed in the act PDF),none in (1m) of the act,none in (1m),silent,https://docs.legis.wisconsin.gov/2025/related/acts/69.pdf,silent,silent,silent,silent,silent,silent,silent,silent,silent,n/a,none,silent,silent,silent,silent,professional-license discipline path; no new crime isolated in (1m),silent,silent,"n/a as a defined term — statute names 'technology, including artificial intelligence'",silent,silent,silent,2026-09-02,"2025 Act 69 (operative 1 Jan 2027) requires a Wisconsin real-estate licensee, in all advertising, to disclose if the advertising has been altered or modified using technology, including AI, to add, remove, or change elements of the property that creates a false or misleading impression of the property. No PRA in (1m). License-penalty dollar amounts are not in the act PDF."
WI,Wis. Stat. § 948.125 (2023 Wisconsin Act 224),Virtual representation of child sexual abuse (CG CSAM),in force,2024-03-27 (enacted; published 2024-03-28),2024-03-29 (day after publication),same,"Person who possesses, produces, or distributes a virtual representation of child sexual abuse (computer-generated depiction of a purported child)","AI CSAM: receive, distribute, produce, possess, or access with intent to view obscene material that contains a depiction of a purported child engaging in sexually explicit conduct, with knowledge of possession/access and knowledge or reason to know the content",obscenity elements (prurient / patently offensive / lacks serious value) are required; not a depiction of an actual identified child (that is § 948.12),criminal prosecution; Wis. Stat. § 939.617 minimum confinement may apply,none in Act 224,none,n/a,https://docs.legis.wisconsin.gov/document/statutes/948.125,silent,silent,silent,silent,silent,silent,silent,silent,silent,n/a,none,silent,silent,silent,silent,Class D felony; Class I felony if the actor is under 18 when the offense occurs. § 939.617 minimum confinement may overlay — confirm as applied to 948.125,silent,silent,Depiction of a purported child: a visual representation that appears to depict an actual child but may or may not depict an actual child. Obscene material includes a digital or computer-generated image or picture that meets the three-part obscenity test (§ 948.125(1)),silent,silent,silent,2026-09-02,"2023 Act 224 created Wis. Stat. § 948.125 (in force 29 Mar 2024). It is a Class D felony (Class I if the actor is under 18) to receive, distribute, produce, possess, or access with intent to view obscene computer-generated or other material that contains a depiction of a purported child engaging in sexually explicit conduct. Crime only; no civil PRA."
IN,IC 24-15 (P.L.94-2023 / SEA 5) — Indiana Consumer Data Protection Act,Consumer data protection — profiling opt-out (includes insurance effects),in force,2023 (P.L.94-2023); calendar signed day unconfirmed this pass,2026-01-01 (article effective date),2026-01-01,"Controller that conducts business in Indiana or produces products/services targeted to Indiana residents and, in the preceding calendar year, controlled/processed personal data of at least 100,000 consumers, or of at least 25,000 consumers and derived more than 50% of gross revenue from the sale of personal data (confirm compiled IC 24-15-1-1)",ADS/profiling: consumer right to opt out of profiling in furtherance of decisions that produce legal or similarly significant effects concerning the consumer; those effects include provision or denial of insurance (confirm compiled definitional section),GLBA financial institutions/data and other VCDPA-style entity and data exemptions (confirm compiled IC 24-15-1-2 / 24-15-1-3). Not a biometric private-damages statute.,Attorney General exclusive (IC 24-15-10),none — article does not provide a PRA (IC 24-15-10; confirm compiled no-PRA sentence),"AG civil penalty up to $7,500 per violation (not a private liquidated PRA)",permanent 30-day cure after written notice (IC 24-15-10-4 — confirm compiled),https://iga.in.gov/laws/2025/ic/titles/24#24-15,n/a (no PRA),n/a (no PRA),silent (public enforcement),silent,AG 30-day cure,conducts business in Indiana or products/services targeted to Indiana residents plus volume thresholds,yes if targeted to Indiana residents and thresholds met,silent,silent,n/a (profiling legal-effect category includes insurance; not an insurance-code UR statute),"100,000 consumers, or 25,000 consumers and >50% gross revenue from sale of personal data (confirm compiled)",article effective 2026-01-01; assessments/other delayed duties confirm compiled,silent,silent,silent,silent,silent,silent,profiling as automated processing of personal data to evaluate/predict personal aspects (confirm compiled definition),data protection assessments to AG in an investigation (typical VCDPA; confirm compiled IC 24-15-7),silent,silent,2026-09-02,"ICDPA (IC 24-15; P.L.94-2023) took effect 1 Jan 2026. Consumers may opt out of profiling in furtherance of solely/automated decisions with legal or similarly significant effects, a category that includes insurance. AG-only enforcement; up to $7,500 per violation; permanent 30-day cure. No PRA. Not a BIPA-style biometric damages statute. Compiled exemption and profiling-definition cites should be re-read on iga before pleading."
IN,"IC 3-9-8 (HEA 1133, P.L.81-2024) — fabricated media in election communications",Campaign fabricated-media disclaimer,in force,2024-03-13 (P.L.81-2024; calendar day confirm SOS/enrolled PDF — enrolled PDF fetch this pass was a stub),upon passage / 2024-03-13 (treat as in force; confirm enrolled effective clause),same,"Person who causes to be published, distributed, or disseminated a campaign communication that contains fabricated media depicting a candidate",Election deepfake/fabricated media: disclaimer required on a campaign communication that contains fabricated (AI/manipulated) media of a candidate,news/satire/ICS harbors in the chapter — confirm compiled IC 3-9-8 exceptions (enrolled PDF not in hand),candidate depicted (civil); SOS/election authorities as otherwise provided — confirm compiled,PAG — depicted candidate: damages + injunctive relief (SOS 2024 HEA summary; confirm compiled IC 3-9-8-5). Not a class PRA.,no liquidated floor isolated in compiled text this pass,silent,https://iga.in.gov/legislative/2024/bills/house/1133,silent,silent,prevailing candidate may recover attorney’s fees and costs (SOS 2024 summary; confirm compiled),silent,silent,silent,silent,silent,silent,n/a,none,silent,silent,disclaimer compliance; listed media/ICS exceptions (confirm compiled),silent,civil chapter; criminal overlay unconfirmed in enrolled text this pass,silent,silent,fabricated media as defined in IC 3-9-8-1 (confirm compiled: media generated or substantially modified by AI/software to depict a candidate saying/doing something the candidate did not),silent,silent,silent,2026-09-02,"HEA 1133 (P.L.81-2024) created IC 3-9-8 requiring a disclaimer on campaign communications that contain fabricated media of a candidate. A depicted candidate may sue for damages, injunction, and fees (SOS 2024 summary). Enrolled PDF retrieved this pass was a 691-byte stub; compiled 3-9-8 should be re-read before pleading dollar floors or crime classes."
IN,"IC 34-21.5 and IC 35-45-4-8 (HEA 1047, P.L.79-2024) — intimate image includes AI/CG",Nonconsensual intimate image (civil + crime) — AI/computer-generated,in force,2024 (P.L.79-2024); signed-day calendar unconfirmed; enrolled PDF fetch this pass was a stub,2024-07-01,2024-07-01,Person who discloses an intimate image (including AI/CG) of an identifiable individual without consent under IC 34-21.5; person who distributes an intimate image appearing to depict the alleged victim under IC 35-45-4-8,"Intimate deepfake: intimate image includes a photograph, digital image, computer-generated image, or video of an individual created or modified by computer software, AI, application, or other digital means that a reasonable person would believe is an authentic image of the depicted person",news media and internet/cloud service providers from the crime under specified circumstances (HEA 1047 digest). Civil chapter exceptions in IC 34-21.5-2 — confirm compiled.,depicted individual (civil); criminal prosecution for 35-45-4-8,"PRA — IC 34-21.5-3: greater of actual (economic and noneconomic, including ED) or statutory damages not to exceed $10,000 against each defendant for all known disclosures + monetary gain + punitive + reasonable attorney’s fees, costs, and injunctive relief (IC 34-21.5-3-2). Punitive not subject to IC 34-51-3 caps.","not to exceed $10,000 per defendant for all disclosures known or that became known during the action (not a per-image floor)",none in 34-21.5-3-2,https://iga.in.gov/legislative/2024/bills/house/1047,silent,silent,prevailing plaintiff entitled to reasonable attorney’s fees and costs (IC 34-21.5-3-2(c)),silent,silent,silent,silent,silent,silent,n/a,none,silent,silent,silent,silent,IC 35-45-4-8 Class A misdemeanor; Level 6 felony with a prior under the statute,silent,silent,"intimate image includes images created or modified by a computer software program, artificial intelligence, application, or other digital manipulation that a reasonable person would believe depicts the person (HEA 1047; confirm compiled 34-21.5-2-4 / 35-45-4-8)",silent,silent,silent,2026-09-02,"HEA 1047 (P.L.79-2024, in force 1 Jul 2024) expanded Indiana’s civil nonconsensual-pornography cause of action (IC 34-21.5) and the intimate-image crime (IC 35-45-4-8) to AI- and computer-generated images. Civil remedy is the greater of actual damages (including emotional distress) or statutory damages up to $10,000 per defendant for all known disclosures, plus gain, punitive damages, fees, and injunction. Crime is a Class A misdemeanor, Level 6 with a prior. Enrolled PDF was a stub this pass; civil dollar figures are from compiled 34-21.5-3-2."
IN,"IC 27-1-52 (HEA 1271, P.L.88-2026) — downcoding and AI in health-benefits claims",Insurance-code: AI not sole basis to downcode; AI disclosure on PA/downcode,in force,2026-03-04 (P.L.88-2026 / bill history),2026-07-01 (chapter effective date in engrossed/enrolled effective clauses),2026-07-01,Insurer (as defined in the chapter) that downcodes health-benefits claims or makes adverse prior-authorization determinations; providers submitting health-benefits claims using automated tools. Medicaid / Medicaid MCO carved out (engrossed sec. 0.3 — confirm enrolled).,"Insurance-code AI: an insurer may not use an automated process, system, or tool, including artificial intelligence, as the sole basis to downcode a claim based on medical necessity without review of the covered individual’s medical record by an employee or contractor of the insurer. A provider may not use such a tool to submit a claim without review by a provider or other person involved in developing the claim. Insurer must disclose in an easily accessible and readable manner when AI is used to make an adverse PA determination or to downcode a claim.",Medicaid and Medicaid managed-care entities (engrossed sec. 0.3). Self-funded ERISA plans are not reached by state insurance code (not a statutory sentence; federal overlay).,"Department of Insurance (insurance code); $1,000/violation civil penalty appears in the engrossed bill for a different/related failure — confirm which section of enrolled IC 27-1-52",none in the AI/downcoding sections of the engrossed chapter,"public penalty language in the engrossed bill (not more than $1,000 per violation in a nearby section) — confirm enrolled mapping; not a private PRA",silent,https://iga.in.gov/pdf-documents/124/2026/house/bills/HB1271/HB1271.06.ENGS.pdf,silent,silent,silent,silent,silent,silent,silent,silent,silent,yes — insurance code (IC 27-1-52),none,silent,silent,silent,silent,silent,silent,silent in the chapter (ERISA self-funded plans not an express clause),"n/a as a defined term — 'automated process, system, or tool, including artificial intelligence'",silent,silent,silent,2026-09-02,"HEA 1271 (P.L.88-2026; in force 1 Jul 2026) adds IC 27-1-52. Insurers may not use AI or other automated tools as the sole basis to downcode a medical-necessity claim without human review of the medical record, and must disclose AI use on adverse prior-authorization determinations and downcoding. Providers may not AI-submit claims without human review. Medicaid/MCOs carved out in the 20 Feb 2026 engrossed text used this pass (enrolled PDF not retrieved). No PRA."
MO,"RSMo 573.010 (2026 H.B. 2273, et al.; SS SCS HCS HBs 2273, 1946, 1814 & 2551) — child sexual abuse material definition",CSAM definition includes CG/indistinguishable-from-minor images,in force,2026-04-07 (governor approval on the TAT omnibus — confirm chaptered letter if needed),2026-08-28 (Missouri default / revisor),2026-08-28,"Persons subject to ch. 573 CSAM offenses (possession, promotion, etc. as elsewhere in the chapter)","AI CSAM: child sexual abuse material includes a digital, computer, or computer-generated image that is, or is indistinguishable from, that of a minor engaging in sexually explicit conduct, such that an ordinary person would conclude the depiction is of an actual minor, regardless of whether a minor was actually engaged in the conduct when the visual depiction was created; also images created/adapted/modified to show an identifiable minor",savings: child pornography as it existed before the effective date remains subject to the relevant statutes (bill digest). Doll/mannequin/robot prong is not an AI-governance hook.,criminal prosecution,none in the definitional amendment (crime definitions only),none (criminal),n/a,https://revisor.mo.gov/main/OneSection.aspx?section=573.010,silent,silent,silent,silent,silent,silent,silent,silent,silent,n/a,none,pre-effective-date 'child pornography' remains prosecutable (digest); not a civil retroactivity clause,silent,silent,silent,ch. 573 offenses as amended (classes unchanged by this definitional note — plead the charging statute),silent,silent,computer-generated image indistinguishable from a minor engaging in sexually explicit conduct (RSMo 573.010 as amended 2026 H.B. 2273),silent,silent,silent,2026-09-02,"2026 H.B. 2273 (effective 28 Aug 2026) amends RSMo 573.010 so CSAM includes computer-generated images indistinguishable from a minor in sexually explicit conduct even if no minor engaged in the conduct when the image was created, plus morphs of identifiable minors. Crime definitions only; no civil PRA. Do not treat secondary reports of a Missouri AI-therapy statute as law: TAT SB 1019 / TAT HB 2372 did not enact § 407.3007."
DE,"6 Del. C. ch. 12D (HB 154, 84 Del. Laws c. 197) — Delaware Personal Data Privacy Act",Consumer data privacy — profiling opt-out (includes insurance effects),in force,2023-09-11 (84 Del. Laws c. 197; DWT date used as bill-history lead — confirm session-law approval line),2025-01-01,"2025-01-01 (assessments apply to processing created/generated on or after 2025-07-01, not retroactive — § 12D-108(f)); UOOM for sale/targeted ads 2026-01-01","Person that conducts business in Delaware or produces products/services targeted to Delaware residents and, in the preceding calendar year, controlled/processed personal data of not less than 35,000 consumers (excluding payment-only processing) or of not less than 10,000 consumers and derived more than 20% of gross revenue from the sale of personal data (§ 12D-103(a))","ADS/profiling: consumer may opt out of profiling in furtherance of solely-automated decisions that produce legal or similarly significant effects, defined to include provision or denial of insurance (§§ 12D-102(13), 12D-104(a)(6)c.). Sensitive data (including genetic/biometric) requires consent.","State bodies (except higher ed); GLBA financial institutions and affiliates to the extent subject to Title V, plus GLBA data; HIPAA PHI and listed research/FCRA/DPPA/FERPA/Farm Credit/airline/victim-services data; employment/contractor context data (§ 12D-103(b)-(c)). Biometric is sensitive (consent) — no BIPA-style PRA.","Department of Justice solely (§ 12D-111). Violation is an unlawful practice under 6 Del. C. § 2513, enforced solely by DOJ.",none — chapter shall not be construed as providing the basis for a PRA (§ 12D-111(d)),UDAP/DOJ path; no private liquidated amount in ch. 12D,mandatory 60-day cure 2025-01-01 through 2025-12-31 if DOJ determines a cure is possible; from 2026-01-01 cure is discretionary under listed factors (§ 12D-111(b)-(c)),https://delcode.delaware.gov/title6/c012d/index.html,n/a (no PRA),silent,silent,silent,DOJ 60-day cure through 2025-12-31; discretionary thereafter,conducts business in the State or products/services targeted to residents plus volume thresholds,yes if targeted to Delaware residents and thresholds met,silent,silent,n/a (profiling legal-effect category includes insurance; GLBA entity+data carve-outs; not an insurance-code UR statute),"35,000 consumers, or 10,000 consumers and >20% gross revenue from sale; assessments if not less than 100,000 consumers (§ 12D-108(a))",assessments apply to processing created or generated on or after 2025-07-01 and are not retroactive (§ 12D-108(f)),silent,silent,silent,silent,silent,silent,"profiling: any form of automated processing performed on personal data to evaluate, analyze, or predict personal aspects related to economic situation, health, demographic characteristics, preferences, interests, reliability, behavior, location, or movements (§ 12D-102(25))",yes to Attorney General in an investigation; confidential / not a FOIA public record; may be used in an enforcement action; privilege not waived solely by disclosure (§ 12D-108(c)),silent,silent,2026-09-02,"DPDPA (6 Del. C. ch. 12D) has been in force since 1 Jan 2025. Consumers may opt out of solely automated profiling with legal or similarly significant effects, including insurance decisions. DOJ-only; express no PRA. Mandatory 60-day cure expired 31 Dec 2025; cure is now discretionary. Controllers at 100,000 consumers must document assessments for profiling and other heightened-risk processing created on or after 1 Jul 2025. Biometric/genetic data are sensitive (consent), not a private liquidated biometric statute."
DE,"10 Del. C. ch. 78 and 11 Del. C. § 1335(a)(9) (HB 353, 84 Del. Laws c. 479) — Amelia Kramer / deep fakes",Unauthorized disclosure of intimate images and deep fakes (civil + privacy crime),in force,2024-10-09 (approved; 84 Del. Laws c. 479),Delaware default after enactment (no delayed section in the chaptered act) — treat as in force from approval; compiled effective line unconfirmed,same,"Person who intentionally discloses or threatens disclosure of an intimate image that was private, or of a deep fake, of an identifiable depicted individual without consent, knowing or with reckless disregard","Intimate deepfake PRA + crime: deep fake means synthetic media (intimate image created or intentionally manipulated with GAN techniques or other digital technology to create a realistic but false image/audio/video) appearing to depict a real individual doing something that did not occur, or that gives a fundamentally different impression. Civil action under § 7803(c) does not require a reasonable-expectation-of-privacy element. Crime: 11 Del. C. § 1335(a)(9); when the visual depiction is a deep fake, it is not necessary to prove the depiction was created/provided under circumstances with a reasonable expectation of privacy ((a)(9)g).","§ 7804 exceptions (child/parent, public concern, etc. — re-read before pleading). News/ICS not restated in the civil remedies block extracted.",depicted individual (civil); criminal prosecution for § 1335,"PRA — prevailing plaintiff: greater of actual (economic/noneconomic including ED) or statutory damages not to exceed $10,000 against each defendant for all known disclosures/threats + monetary gain + punitive; court may award reasonable attorneys’ fees and injunctive relief (§ 7806)","not to exceed $10,000 per defendant for all disclosures/threats known or that became known during the action",none in ch. 78 as amended,https://delcode.delaware.gov/title10/c078/index.html,silent,silent,court may award a prevailing plaintiff reasonable attorneys’ fees and costs (§ 7806(b)),silent,silent,silent,silent,Delaware courts under ch. 78; no DGCL choice-of-law clause,silent,n/a,none,silent,§ 7807 SOL as compiled applies on its face to specified 7803 paths — the 2024 act did not restate § 7807 for the new § 7803(c) deep-fake cause; treat as a hole,silent,silent,"11 Del. C. § 1335 violation of privacy: class A misdemeanor / class G felony as provided in that section, including deep-fake visual depictions",silent,silent,"Deep fake / synthetic media: intimate image created or intentionally manipulated with GAN techniques or other digital technology to create a realistic but false image, audio, or video (10 Del. C. § 7802; parallel definition in 11 Del. C. § 1335(a)(9))",silent,silent,silent,2026-09-02,"HB 353 (84 Del. Laws c. 479, approved 9 Oct 2024) is Delaware’s enacted intimate-deepfake statute. Identifiable depicted individuals have a ch. 78 PRA for intentional disclosure or threatened disclosure of a deep fake without consent (greater of actual or statutory damages up to $10,000 per defendant, plus gain, punitive, and discretionary fees). The companion crime treats deep fakes as violation of privacy without a REP element. No DGCL/D&O clause. § 7807 limitations period was not amended in the chaptered act for the new (c) path."
DE,"15 Del. C. § 5145 (HS 1 for HB 316, 84 Del. Laws c. 487)",Deep fakes in elections — 90-day window; Chancery injunction,in force,2024-10-09 (approved),Delaware default after enactment (no delayed general effective section). § 5145(d)(2) paid-broadcast harbor expired 2025-10-09 unless extended by the General Assembly (ch. 487 § 3) — extension unconfirmed this pass.,same; (d)(2) sunset 2025-10-09 unless extended,"Person who distributes a deep fake, or enters into a contract to distribute a deep fake, knowing or reasonably should know it is a deep fake, within 90 days before an election, with the other statutory elements","Election deepfake: synthetic media that depicts a candidate or political party with intent to injure reputation or deceive a voter, appearing to show the person saying/doing something that did not occur or giving a fundamentally different impression. Undisclosed distribution within 90 days of an election is unlawful. Candidate depicted may bring an expedited action for injunctive relief and damages in the Court of Chancery; prevailing-party fees.",News/commentary with disclosure; satire or parody; ICS/information/telecom consistent with 47 U.S.C. § 230; security-incident response; specified broadcasting-station harbors including (d)(2) paid-broadcast good-faith/payor-representation harbor (expired 1 year after enactment unless extended),candidate depicted (Chancery civil); criminal prosecution for the misdemeanor,PAG — depicted candidate: expedited Chancery injunction and damages; Court may award a prevailing party reasonable attorney’s fees and costs (§ 5145(g)). Not a class PRA.,no liquidated floor in § 5145(g),"none (disclaimer in (c) is a compliance path, not a post-violation cure)",https://delcode.delaware.gov/title15/c051/sc03/index.html,silent,silent,prevailing-party reasonable attorney’s fees and costs (§ 5145(g)),silent,silent,silent,silent,Court of Chancery (expedited). No DGCL internal-affairs / choice-of-law clause in § 5145. Chancery forum is the D&O-relevant enacted hook.,silent,n/a,distribution within 90 days before an election,silent,silent,clear disclosure that the media is a deep fake ((c)); satire/parody; news with acknowledgment; 230 ICS; broadcasting harbors as in force,silent,"class B misdemeanor default; class A misdemeanor if intent to cause violence or bodily harm, or within 5 years of a prior conviction under the section",silent,must be construed consistent with 47 U.S.C. § 230; no liability on an ICS for content provided by another person (§ 5145(e)(2)),"Deep fake: synthetic media that depicts a candidate or political party with intent to injure reputation or deceive a voter, and that appears to a reasonable person to depict a real individual saying or doing something that did not actually occur, or that provides a fundamentally different understanding or impression (§ 5145(a)(2))",silent,silent,silent,2026-09-02,"HS 1 for HB 316 (84 Del. Laws c. 487, approved 9 Oct 2024) created 15 Del. C. § 5145. Distributing an undisclosed candidate/party deep fake within 90 days of an election is a class B misdemeanor (class A with violence intent or a prior). A depicted candidate may sue expedited in Chancery for injunction and damages, with prevailing-party fees. No DGCL choice-of-law clause. The paid-broadcast harbor in (d)(2) expired 9 Oct 2025 unless the General Assembly extended it (unconfirmed)."
DE,"24 Del. C. §§ 1720, 1773, 1920 (HB 191, 85 Del. Laws c. 250)","Nonhuman/AI agents — medical, nursing, and PA licenses and titles",in force,2026-04-23 (approved),upon approval (no delayed section in 2-page chaptered act),2026-04-23,"Nonhuman entity, including an agent powered by artificial intelligence","Professional-title/AI-agent: a nonhuman entity, including an AI agent, may not be licensed in professional/practical/APRN nursing, certified to practice medicine, or licensed as a physician assistant, and may not use listed titles/abbreviations (RN, LPN, APRN, MD, DO, PA, Doctor, Nurse, etc.)",none in the three added subsections,professional boards under Title 24 (license/title enforcement) — no new private cause in the act,none in enrolled/chaptered act,none in the act,n/a,https://legis.delaware.gov/SessionLaws?volume=85&chapter=250,silent,silent,silent,silent,silent,silent,silent,silent,silent,n/a,none,silent,silent,silent,silent,existing Title 24 unauthorized-practice/title penalties — not restated in HB 191,silent,silent,n/a as a defined term — 'agent powered by artificial intelligence',silent,silent,silent,2026-09-02,"HB 191 (85 Del. Laws c. 250, approved 23 Apr 2026, immediate) bars a nonhuman entity, including an AI agent, from holding Delaware MD/DO certification, PA licensure, or listed nursing licenses, and from using listed professional titles. No PRA."
DE,"29 Del. C. §§ 9041C–9047C (HB 333, 84 Del. Laws c. 307) — Delaware AI Commission [expires 2034-07-17]",Government GenAI inventory / AI Commission (no private-sector duty),in force (sunsets 2034-07-17 unless extended),2024-07-17 (signed),upon enactment (commission convened 2024-07-24),same; expires 2034-07-17 (84 Del. Laws c. 307 § 3),Delaware AI Commission and executive/legislative/judicial agencies as inventory subjects — no private-sector controller duty,"Government GenAI inventory: Commission must inventory generative AI usage in Delaware executive, legislative, and judicial agencies, identify high-risk areas, and recommend statewide processes/principles/guidelines",n/a (no private-sector mandate),n/a (advisory commission; annual report to Governor and General Assembly),none,none,n/a,https://delcode.delaware.gov/title29/c090c/sc04/index.html,silent,silent,silent,silent,silent,silent,silent,silent,silent,n/a,none,silent,silent,silent,silent,silent,silent,silent,"AI: a machine-based system that can, for a given set of human defined objectives, make predictions, recommendations, or decisions influencing real or virtual environments. Generative AI: the class of AI models that emulate the structure and characteristics of input data in order to generate derived synthetic content (§ 9042C)",silent,silent,silent,2026-09-02,"HB 333 (84 Del. Laws c. 307, signed 17 Jul 2024) created the Delaware AI Commission (29 Del. C. §§ 9041C et seq.) to inventory agency generative-AI use and recommend guidelines. No private-sector duty and no PRA. Subchapter expires 17 Jul 2034 unless extended. Student member provisions are not a separate row."
SD,"SDCL §§ 12-26-32 to 12-26-37 (SB 164, SL 2025, ch. 68)",Election deepfake prohibition and disclosure,in force,2025-03-25 (governor letter in Senate Journal 2025-03-31; approved SB 164),2025-07-01 (South Dakota default; no delayed sentence in enrolled act),same as effective,Any person who disseminates a deepfake or enters into a contract/agreement to disseminate a deepfake (§ 12-26-33),"Deepfake / synthetic media in elections: within 90 days of an election, no dissemination with intent to injure a candidate if the person knows or reasonably should know the item is a deepfake and it lacks the § 12-26-37 disclosure","Does not apply if the deepfake is satire or parody; bona fide news broadcast that acknowledges authenticity questions, or paid broadcast/publish of a deepfake; paid internet/newspaper/periodical of general circulation; 47 U.S.C. § 230 internet computer service / ISP / domain / cloud / other technical-automatic-intermediate host (§ 12-26-34)","Attorney General (injunction); criminal prosecution (Class 1 misdemeanor). Candidate injured or likely injured, and the individual depicted, may seek injunction (§ 12-26-35)","PRA — candidate and depicted individual may recover damages, reasonable costs and attorney fees, and other proper relief (§ 12-26-36). Injunction also available to AG, candidate, depicted individual (§ 12-26-35). No liquidated floor.",none as private liquidated damages. Civil: damages (unquantified) + costs/fees. Crime: Class 1 misdemeanor (not a private liquidated PRA).,"none in enrolled act (disclosure is an affirmative defense, not a cure window)",https://sdlegislature.gov/Statutes/12-26-33,silent,liable to the candidate and the individual depicted (§ 12-26-36); no class rule in enrolled act,yes — reasonable costs and attorney fees to the civil plaintiff (§ 12-26-36),silent,silent,within ninety days of an election (§ 12-26-33); chapter is offenses against the elective franchise. No extra in-state-user sentence.,silent,silent,silent,n/a,none,effective 2025-07-01 — not a general retroactivity clause,silent,affirmative defense if disclosure states: 'This (image/video/audio) has been manipulated or generated by artificial intelligence' with specified size/superimpose/audio read-in requirements (§ 12-26-37). Also the § 12-26-34 exceptions.,silent,also crime — Class 1 misdemeanor (§ 12-26-33) plus civil damages/injunction,silent,"47 U.S.C. § 230 (Jan. 3, 2024) cited for internet-computer-service exception (§ 12-26-34(4)); not a general federal-preemption clause","Artificial intelligence: any machine-based system that, for any explicit or implicit objective, infers from the inputs received by the system how to generate content, decisions, predictions, recommendations, or other outputs, which can influence physical or virtual environments. Deepfake: any image, audio recording, or video recording created or manipulated with the use of artificial intelligence or other digital technology that is so realistic a reasonable person would believe it depicts the speech or conduct of an actual individual who did not in fact engage in the speech or conduct (§ 12-26-32)",silent,silent,silent,2026-09-02,"SB 164 (SL 2025 ch. 68; governor approved 25 Mar 2025; in force 1 Jul 2025) adds SDCL §§ 12-26-32–37. Within 90 days of an election, a person may not disseminate (or contract to disseminate) a deepfake with intent to injure a candidate if the person knows or reasonably should know it is a deepfake and it lacks the specified AI-manipulation disclosure. Class 1 misdemeanor. AG, injured candidate, or depicted individual may seek an injunction. A disseminator is liable to the candidate and depicted individual for damages, reasonable costs, and attorney fees (clear-and-convincing proof of knowing use). Satire/parody, specified news/paid-media, and technical § 230 hosts are excepted. No liquidated private floor."
SD,"SDCL § 22-21-4 (digitally fabricated material, subd. (3)) and § 22-21-4.1 (SB 41, SL 2026, ch. 104)",Digitally fabricated intimate material — criminal invasion of privacy,in force,2026-03-16 (session-law signature line),2026-07-01 (South Dakota default; session law has no delayed sentence),same as effective,"Any individual who, without consent or knowledge of the depicted individual and with the listed harm/self-gratify/harass intents, knowingly and intentionally creates, discloses, disseminates, distributes, or sells digitally fabricated material of an identifiable individual (§ 22-21-4(3))","Intimate deepfake / digitally fabricated material: authentic-appearing image/photo/video/visual depiction adapted, generated, or modified to falsely depict appearance, conduct, or voice, showing identifiable person in nudity or sexual conduct",Consent or knowledge of the depicted individual defeats the offense. Subdivision (3) is creation/disclosure/distribution/sale — not possession. No ICS carve-out in SB 41 enrolled text.,criminal prosecution,"none in SB 41 / §§ 22-21-4, 22-21-4.1 (crime only this pass)","none as private liquidated damages. Crime: Class 5 felony for subdivision (3). Subdivisions (1)–(2) remain Class 1 misdemeanor (Class 6 felony if victim ≤17 and perpetrator ≥21, or subsequent).",none in enrolled act,https://mylrc.sdlegislature.gov/api/Documents/SessionLaw/306434.pdf?Year=2026,silent,n/a (no PRA in this act),silent,silent,silent,silent,silent,silent,silent,n/a,none,effective 2026-07-01 — not a general retroactivity clause,silent,silent,silent,crime-only (Class 5 felony for digitally fabricated material),silent,silent,"Digitally fabricated material: an image, photograph, video, or other visual depiction that appears to an ordinary person to be an authentic depiction of an identifiable individual and is adapted, generated, or modified to falsely depict an individual's appearance, conduct, or voice. Identifiable: recognizable as a specific individual by face, likeness, or other distinguishing characteristics (§ 22-21-4.1). Statute does not use the words artificial intelligence.",silent,silent,silent,2026-09-02,"SB 41 (SL 2026 ch. 104; signed 16 Mar 2026; in force 1 Jul 2026) amends SDCL § 22-21-4 and adds § 22-21-4.1. Without the depicted individual's consent or knowledge, and with intent to self-gratify, alarm, annoy, embarrass, harass, invade privacy, threaten, or cause listed harm, a person may not knowingly and intentionally create, disclose, disseminate, distribute, or sell digitally fabricated material depicting an identifiable individual in nudity or sexual conduct. Digitally fabricated material is authentic-appearing visual content adapted, generated, or modified to falsely depict appearance, conduct, or voice. Subdivision (3) is a Class 5 felony. No PRA and no AI word in the enrolled act. Possession is not the new felony."
SD,"SDCL §§ 22-24A-2 (computer-generated child pornography definition), 22-24A-35 to 22-24A-42 (SB 79, SL 2024, ch. 87)",Computer-generated child pornography — possess/distribute/manufacture,in force,2024-02-12 (session-law signature line),2024-07-01 (South Dakota default; session law has no delayed sentence),same as effective,"Any person who knowingly possesses, sells/distributes, or creates/causes/permits creation of computer-generated child pornography or a visual depiction of a minor in a prohibited sexual act (§§ 22-24A-35–37)",AI / computer-generated CSAM: visual depiction of an actual minor adapted to prohibited sexual acts; actual adult adapted to appear as a minor in such acts; or an individual indistinguishable from an actual minor created by AI or other computer technology,"Affirmative defense that the visual depiction is of the person charged and no other person appears (§ 22-24A-41). Court may depart from mandatory sentence on written mitigating findings (§ 22-24A-42). Consent of the minor/parent or mistake of age is not a defense (§ 22-24A-40). Existing civil-damages chapter 22-24A-7 applies to §§ 22-24A-1 to 22-24A-20, not to new §§ 22-24A-35–42.",criminal prosecution,none in SB 79 for the new possess/distribute/manufacture sections. Pre-existing § 22-24A-7 civil-damages path does not list §§ 22-24A-35–42.,none as private liquidated damages. Crime: possess Class 4 felony (mandatory 1 year first / 5 years subsequent); distribute Class 3 felony (mandatory 5 / 10 years); manufacture Class 2 felony (mandatory 10 / 20 years).,none in enrolled act,https://mylrc.sdlegislature.gov/api/Documents/SessionLaw/264653.pdf?Year=2024,silent,n/a (no PRA in SB 79 for the new sections),silent,silent,silent,silent,silent,silent,silent,n/a,none,effective 2024-07-01; out-of-state convictions count as priors (§ 22-24A-38) — not a general retroactivity clause,silent,self-depiction affirmative defense (§ 22-24A-41); mitigating-circumstances sentencing departure (§ 22-24A-42),silent,crime-only (mandatory-minimum felonies),silent,silent,"Computer-generated child pornography: any visual depiction of (a) an actual minor created, adapted, or modified to depict that minor engaged in a prohibited sexual act; (b) an actual adult created, adapted, or modified to depict that adult as a minor engaged in a prohibited sexual act; or (c) an individual indistinguishable from an actual minor created by the use of artificial intelligence or other computer technology capable of processing and interpreting specific data inputs to create a visual depiction. Indistinguishable: an ordinary person would conclude the depiction is of an actual minor engaged in a prohibited sexual act (§ 22-24A-2)",silent,silent,silent,2026-09-02,"SB 79 (SL 2024 ch. 87; signed 12 Feb 2024; in force 1 Jul 2024) defines computer-generated child pornography in SDCL § 22-24A-2, including AI-created indistinguishable minors, and adds possess/distribute/manufacture crimes at §§ 22-24A-35–37 (Class 4 / 3 / 2 felonies with mandatory minimums). Consent and mistake of age are not defenses. No PRA in the new sections; the older § 22-24A-7 civil-damages statute was not amended to cover them."
MS,"Miss. Code Ann. § 97-13-47 (SB 2577, Laws 2024, ch. 467)",Wrongful dissemination of election digitizations (deepfakes),in force,2024-04-30 (approved by Governor; bill history),2024-07-01 (act),same as effective,A person who disseminates a digitization or enters into a contract or other agreement to disseminate a digitization (§ 97-13-47(2)),"Election deepfake / digitization: realistic alteration or AI/software-created image or audio (commonly called deepfakes) disseminated within 90 days of an election, without depicted-individual consent, with intent to injure a candidate, influence election results, or deter voting, with knowledge or actual knowledge it is a digitization",ICS as defined in 47 U.S.C. § 230(f); information/communications service as defined in 47 U.S.C. § 153; bona fide news broadcast; paid broadcast/online platform; news periodical that states the communication does not accurately represent a ballot issue or candidate; satire or parody; security/fraud/investigation receipt or dissemination (§ 97-13-47(6)). Disclaimer defense: clear and prominent language throughout that the depicted individual did not engage in the speech/conduct (§ 97-13-47(5)).,Criminal prosecution. Injunctive cause of action by Attorney General; district attorney (if depicted individual resides in district or impact on district); depicted individual; injured/likely-injured candidate; political party whose nominee is on the ballot (§ 97-13-47(4)),"PAG — injunction/removal only for depicted individual, candidate, or political party (and AG/DA). No damages PRA in the act.","none as private liquidated damages. Crime: up to 1 year and/or $5,000; or up to 5 years and/or $10,000 if intent to incite/cause violence, cause bodily harm, or deter voting, or prior conviction within 5 years.","none in the act (disclaimer is a defense to prosecution, not a cure window)",https://billstatus.ls.state.ms.us/documents/2024/pdf/SB/2500-2599/SB2577SG.pdf,silent,n/a (injunction only; no damages PRA),silent,silent,silent,"dissemination within ninety days of an election; DA venue if depicted individual is a resident of the district or the digitization could/has impacted the district (§ 97-13-47(2),(4))",silent,silent,silent,n/a,none,effective 2024-07-01 — not a general retroactivity clause,silent,clear-and-prominent throughout-digitization disclaimer is a defense to prosecution (§ 97-13-47(5)); subsection (6) exceptions,silent,"also crime — misdemeanor-scale (1 year/$5,000) or felony-scale (5 years/$10,000) plus injunctive PAG",silent,47 U.S.C. §§ 230(f) and 153 cited as entity exceptions; not a general federal-preemption clause,"Digitization: to alter an image or audio in a realistic manner utilizing an image or audio of a person other than the person depicted, computer-generated images or audio, commonly called deepfakes; also creation of image or audio through software, machine learning artificial intelligence, or any other computer-generated or technological means, including a digital representation of speech or conduct that a reasonable person would believe depicts speech/conduct of an individual who did not engage in it and that was substantially dependent on technical means rather than physical/verbal impersonation (§ 97-13-47(1)(b))",silent,silent,silent,2026-09-02,"SB 2577 (Laws 2024 ch. 467; signed 30 Apr 2024; in force 1 Jul 2024) creates Miss. Code § 97-13-47. Knowing dissemination of a nonconsensual election digitization (AI/deepfake image or audio) within 90 days of an election, with intent to injure a candidate, influence results, or deter voting, is a crime (1 year/$5,000, or 5 years/$10,000 with aggravators). AG, DA, depicted individual, candidate, or ballot-nominee party may seek an injunction and removal. No damages PRA. Disclaimer, satire, news, paid carriage, and § 230 ICS are defenses/exceptions."
MS,"Miss. Code Ann. § 97-5-31 (as amended; definitions for §§ 97-5-33 through 97-5-37) (HB 1126 § 9, Laws 2024, ch. 456)",Morphed / computer-generated images of identifiable minors — child-exploitation definitions,in force,2024-04-30 (approved by Governor; bill history),2024-07-01 (act),same as effective,"Persons subject to child-exploitation crimes in §§ 97-5-33 through 97-5-37, via the amended definitions (producing includes morphing; visual depiction includes morphed computer reproductions)","AI-adjacent CSAM: morphed image is a computer or computer-generated visual depiction created, adapted, or modified so an identifiable minor appears to engage in sexual conduct or sexually explicit nudity; sexually explicit conduct includes actual, morphed, or simulated acts","Identifiable-child paragraph shall not be construed to require proof of the actual identity of the identifiable child (§ 97-5-31(h)). Definitions require an identifiable child (minor at creation/adaptation, or whose childhood image was used) — purely synthetic unmatched-to-a-real-child imagery is outside this definitional amendment. Walker Montgomery digital-service sections 1–7 of the same act are generic online-minors duties (no AI/ADS hook) and are not this row.",criminal prosecution under §§ 97-5-33 through 97-5-37 (penalties in those sections; dollar/year table not pulled this pass),none in HB 1126 § 9 for the definitional CSAM amendment. (Walker Montgomery DSP duties are AG UDAP via 75-24-5(q) — skipped as generic privacy.),none as private liquidated damages in § 9. Crime: child-exploitation felonies in §§ 97-5-33 et seq. (penalty numbers unconfirmed this pass).,none in § 9,https://billstatus.ls.state.ms.us/documents/2024/pdf/HB/1100-1199/HB1126SG.pdf,silent,n/a (no PRA in the CSAM definitional amendment),silent,silent,silent,silent,silent,silent,silent,n/a,none,effective 2024-07-01 — not a general retroactivity clause,silent,silent,silent,crime-only (definitional input to existing child-exploitation offenses),silent,"computer defined by cross-cite to 18 U.S.C. § 1030 — definitional, not a preemption clause","Morphed image: any visual depiction or representation, including any photograph, film, video, picture, or computer or computer-generated image or picture, whether made or produced by electronic, mechanical, simulated or other means, of sexually explicit conduct, where such visual depiction or representation has been created, adapted, or modified to appear an identifiable minor is engaging in sexual conduct or sexually explicit activity [or] appearing in a state of sexually explicit nudity (§ 97-5-31(f)). Visual depiction includes unaltered, altered or morphed reproductions by computer and technology. Statute does not use the words artificial intelligence in § 9.",silent,silent,silent,2026-09-02,HB 1126 (Laws 2024 ch. 456; signed 30 Apr 2024; in force 1 Jul 2024) § 9 amends Miss. Code § 97-5-31 so child-exploitation crimes in §§ 97-5-33–37 reach morphed and computer-generated sexual images of an identifiable minor. Producing includes morphing. No AI word and no PRA in § 9. The same bill’s Walker Montgomery digital-service age/collection duties are generic kids-online (AG UDAP) and are not indexed. Penalty years/fines in § 97-5-33 were not pulled this pass.
WV,"W. Va. Code § 61-8-28a (SB 198, Acts 2025, ch. 80)",Nonconsensual disclosure of fabricated intimate images,in force,2025-04-24 (approved by Governor; bill history),2025-07-09 (ninety days from passage 2025-04-10),same as effective,"No person may knowingly and intentionally disclose, cause to be disclosed, or threaten to disclose, with intent to harass, intimidate, threaten, humiliate, embarrass, or coerce, a fabricated intimate image of another (or a captured intimate image) (§ 61-8-28a(b))","Intimate deepfake: fabricated intimate image of an identifiable depicted individual created by AI or other computer technology, depicting computer-generated intimate parts or another person’s intimate parts as the depicted individual’s","Does not apply to images disclosed with prior written consent of the person depicted; voluntary public/commercial exposure; disclosures through reporting illegal conduct or lawful LE/legal/medical practice (§ 61-8-28a(d)). No liability on interactive computer service (47 U.S.C. § 230(f)(2)), information service (§ 153(24)), or telecommunications service (§ 153(53)) for content provided by another (§ 61-8-28a(e)).",criminal prosecution,none in § 61-8-28a as amended (crime only),"none as private liquidated damages. Crime: misdemeanor jail ≤1 year and/or fine $1,000–$5,000; second/subsequent felony imprisonment ≤3 years and/or fine $2,500–$10,000.",none in the section,https://www.wvlegislature.gov/Bill_Text_HTML/2025_SESSIONS/RS/bills/sb198%20sub1%20enr.pdf,silent,n/a (no PRA in this section),silent,silent,silent,silent,silent,silent,silent,n/a,none,effective 2025-07-09 — not a general retroactivity clause,silent,"written-consent, public-exposure, and reporting/LE exceptions; ICS § 230 non-liability for others’ content",silent,crime-only,silent,"47 U.S.C. §§ 230(f)(2), 153(24), 153(53) cited as provider non-liability; not a general federal-preemption clause",Fabricated intimate image: an image of an identifiable depicted individual that was created by the use of artificial intelligence or other computer technology capable of processing and interpreting specific data inputs and depicts computer-generated intimate parts or the intimate parts of another human being as the intimate parts of the depicted individual (§ 61-8-28a(a)(5)),silent,silent,silent,2026-09-02,"SB 198 (Acts 2025 ch. 80; signed 24 Apr 2025; in force 9 Jul 2025) amends W. Va. Code § 61-8-28a so nonconsensual disclosure (or threat of disclosure) of a fabricated intimate image — AI-created intimate parts on an identifiable person — is the same crime as disclosure of a captured intimate image, with harass/intimidate intent. First offense misdemeanor (jail ≤1 year; fine $1,000–$5,000); subsequent felony (≤3 years; $2,500–$10,000). Written consent, public exposure, reporting, and § 230 ICS are excepted. No PRA in the section."
WV,"W. Va. Code §§ 61-8C-1 to 61-8C-3c (computer-generated child pornography; SB 198, Acts 2025, ch. 80)",Computer-generated child pornography — possess/distribute/exhibit and related offenses,in force,2025-04-24 (approved by Governor; bill history),2025-07-09 (ninety days from passage 2025-04-10),same as effective,"Any person who knowingly sends, distributes, exhibits, possesses, electronically accesses with intent to view, displays, or transports a visual portrayal of a minor in sexually explicit conduct or computer-generated child pornography (§ 61-8C-3); also creation/use of a minor to create a visual portrayal (§ 61-8C-2); juveniles via delinquency (§ 61-8C-3b)","AI / computer-generated CSAM: visual portrayal of an identifiable minor created/adapted/modified to depict the minor in sexually explicit conduct, or a portrayal that appears to depict a minor in such conduct if created by AI/computer technology and indistinguishable from a minor. Visual portrayal includes media created, generated, or produced in whole or in part by manipulation including artificial intelligence.","Drawings, cartoons, sculptures, or paintings are outside 'indistinguishable' (§ 61-8C-1(a)(8)). Article not construed to include a visual portrayal of an actual identifiable person who was not a minor when created (§ 61-8C-1(b)). Person excludes ICS/information/telecom providers for content provided by another (§ 61-8C-1(a)(4)). Official-duty possession/distribution by LE, prosecutors, defense counsel, judges, jurors, support staff, and court-order recipients is not an offense (§ 61-8C-3c(b)). Employment-scope viewers who immediately report to LE or NCMEC CyberTipline have an affirmative defense except willful/wanton misconduct (§ 61-8C-3c(d)).",criminal prosecution; juvenile delinquency for minors under § 61-8C-3b,none in the enrolled CSAM article amendments (crime only),"none as private liquidated damages. Crime (distribute/possess/exhibit CG CSAM): 50 or fewer images — 2–5 years and/or ≤$5,000; >50 and <300 — 3–15 years and/or ≤$10,000; 300+ images or violence/bestiality — 5–20 years and/or ≤$25,000. Video ≤5 minutes counts as 100 images.",none in the article,https://www.wvlegislature.gov/Bill_Text_HTML/2025_SESSIONS/RS/bills/sb198%20sub1%20enr.pdf,silent,n/a (no PRA),silent,silent,silent,silent,silent,silent,silent,n/a,image-count penalty tiers (50 / 300); video duration conversion,effective 2025-07-09; not-a-defense that the depicted person later turned 18 or is deceased — not a general retroactivity clause,silent,ICS definitional exclusion; official-duty exemption; mandatory-reporting affirmative defense; indistinguishable excludes drawings/cartoons/sculptures/paintings,silent,crime-only (felonies; juvenile delinquency overlay for minors),silent,"47 U.S.C. §§ 230(f)(2), 153(24), 153(53) in the 'person' definition; not a general federal-preemption clause","Computer-generated child pornography: (A) any visual portrayal of an identifiable minor created, adapted, or modified to depict the minor engaging in sexually explicit conduct; or (B) any visual portrayal that appears to depict a minor engaged in sexually explicit conduct if created by AI or other computer technology capable of processing and interpreting specific data inputs and indistinguishable from a minor. Indistinguishable: an ordinary person would conclude the portrayal is of an actual minor engaged in sexually explicit conduct. Identifiable minor: a portrayal that depicts a minor identifiable from the matter or connected information, created or altered by AI or similar computer technology (§ 61-8C-1)",silent,silent,prohibited media shall not be published to the public; Supreme Court of Appeals requested to promulgate access/handling rules (§ 61-8C-3c) — not a business retention period,2026-09-02,"The same SB 198 (in force 9 Jul 2025) rewrites W. Va. Code art. 61-8C to cover computer-generated child pornography, including purely synthetic indistinguishable minors created by AI and morphed identifiable minors. Knowingly distributing, possessing, exhibiting, or accessing with intent to view is a felony with image-count tiers (2–5 / 3–15 / 5–20 years). ICS providers for others’ content, official-duty handlers, and prompt NCMEC/LE reporters (except willful/wanton) are excepted. No PRA. Drawings/cartoons/paintings are outside indistinguishable."
LA,"La. R.S. 14:73.13 (SB 175, Acts 2023, No. 457, as amended by HB 119, Acts 2026, No. 782 / Ivy Daniels Act)",Unlawful deepfakes,in force,2023 (Act 457); 2026 Act 782 (governor calendar day unconfirmed in enrolled PDFs),2023-08-01 (Act 457 digest); Act 782 no stated date — Louisiana default 2026-08-01,same as effective,"Any person who knowingly creates/possesses a deepfake depicting a minor in sexual conduct, or who advertises/distributes/exhibits/exchanges/promotes/sells sexual material that is a nonconsensual deepfake of another person",Deepfake / synthetic sexual media (minors: create or possess; adults: distribute sexual deepfake without consent),"Deepfake excludes political/public-interest/newsworthy works including commentary, criticism, satire, or parody, or material with content/context/clear disclosure visible throughout that a reasonable person would understand is not a real event (73.13(C)(1))",criminal prosecution,none in 73.13 (crime only),"none as private liquidated damages. Criminal fines: create/possess minor deepfake <= $10,000; distribute adult or minor sexual deepfake <= $50,000",none in statute,https://legis.la.gov/Legis/ViewDocument.aspx?d=1333325,silent,n/a (no PRA),silent,silent,silent,venue silent in original act beyond general criminal venue,silent,silent,silent,n/a,none,Act 457 effective 2023-08-01; Act 782 educator/student add-ons treated as 2026-08-01 default — not a general retroactivity clause,silent,disclosure / satire-parody / newsworthy exclusion in the deepfake definition,silent,also crime — hard labor 5-20 years (create/possess minor) with 5 years without PPS; distribute 10-30 years (10 years without PPS if minor). Act 782: extra 2 years consecutive if educator and victim is a student,silent,silent,"Deepfake: audio or visual media in electronic format created, altered, or digitally manipulated so it would falsely appear to a reasonable observer to be an authentic record of actual speech or conduct, or to replace an individual's likeness with another (73.13(C)(1))",silent,silent,silent,2026-09-02,"Act 457 (2023) created R.S. 14:73.13. Knowing creation or possession of a sexual deepfake of a minor is 5-20 years hard labor (5 without PPS) and/or <=$10,000. Knowing distribution of a nonconsensual sexual deepfake of another person is 10-30 years and/or <=$50,000 (10 years without PPS if a minor). Political/newsworthy/satire and on-screen disclosure are excluded from the definition. HB 119 / Act 782 added educator-student consecutive time. Crime only; no PRA in the section."
LA,"La. R.S. 14:73.14 and 14:73.14.1 (SB 6, Acts 2024, No. 142, as amended/added by HB 119, Acts 2026, No. 782 / Ivy Daniels Act)","Unlawful dissemination, sale, or (minors) possession of AI-created nude images",in force,2024-05-22 (SB 6 signed — Act 142); 2026 Act 782 (governor calendar day unconfirmed in enrolled PDF),2024-08-01 (Act 142); Act 782 no stated date — Louisiana default 2026-08-01 for 73.14.1 and penalty upgrades,same as effective,"Any person who, with intent to coerce/harass/intimidate, disseminates or sells an AI-created nude/undress image of a recognizable actual person without license/authorization; any person who possesses such an AI image of a person under 17",AI-created intimate images (adult dissemination/sale; minor possession),ICS / email provider / telecommunications or information service (47 U.S.C. 153) / access-software provider used by another to commit the act. Possession crime: person who lacked specific intent to receive and did not consent to receipt. Offenders under 14: Children's Code Title VII only,criminal prosecution; 73.14(F) does not preclude a civil action under any other applicable law (no new PRA created),none created in 73.14/73.14.1; 73.14(F) preserves other-law civil actions,"none as private liquidated damages. After Act 782: disseminate/sell <=1 year and/or <=$1,000; if depicted person under 17, <=5 years (1 year without PPS); possess AI nude image of person under 17: <=5 years (1 year without PPS); educator-student extra 2 years consecutive",none in statute,https://www.legis.la.gov/legis/ViewDocument.aspx?d=1481219,silent,n/a (no new PRA),silent,silent,silent,"73.14(E): also prosecutable in the parish where the unlawful act occurred or where any video/still image was created, produced, reproduced, found, stored, received, or possessed",silent,silent,silent,n/a,none,Act 142 2024-08-01; Act 782 possession crime and penalty upgrades treated as 2026-08-01 default,silent,ICS/telecom intermediary; unintentional unconsented receipt (73.14.1(E)),silent,also crime,silent,ICS/telecom definitions import 47 U.S.C. 153,"Artificial intelligence: an artificial system developed in computer software, physical hardware, or other context that solves tasks requiring human-like perception, cognition, planning, learning, communication, or physical action (73.14(C)(2); 73.14.1(B)(2)). Another person includes a person whose image was used in creating/adapting/modifying with intent to depict an actual recognizable person",silent,silent,silent,2026-09-02,"Act 142 (effective 1 Aug 2024) created R.S. 14:73.14: intent-to-harass dissemination or sale of an AI-created nude/undress image of a recognizable person. Act 782 (Ivy Daniels Act) raised adult penalties to <=1 year/<=$1,000, added <=5 years when the depicted person is under 17, and added 73.14.1 possession of such AI images of persons under 17 (<=5 years). ICS/telecom carve-out. No new PRA; 73.14(F) does not preclude other-law civil suits. School-notice duties in R.S. 17:416.20.1 are not a separate row."
LA,"La. R.S. 18:1463(F) (HB 459, Acts 2026, No. 806)",Electioneering communications — AI image/likeness/voice disclosure,in force (Louisiana default 2026-08-01; enrolled Act has no effective-date section),2026 Act 806 (governor calendar day unconfirmed in enrolled PDF; status page: signed),2026-08-01 (no date in enrolled Act; Louisiana regular-session default),same as effective,Any person who makes or causes to be made an electioneering communication portraying a candidate or elected official subject to recall that is created/altered/digitally manipulated through AI to falsely appear authentic or to replace likeness,Election deepfake / AI likeness-or-voice disclosure,Media entity that broadcasts a paid political announcement/ad/electioneering communication in which the broadcaster had no input or control (R.S. 18:1463(I)); media entity defined in 18:1483(33)(b),criminal prosecution (18:1463(H)),none in Act 806,"none as private liquidated damages. Criminal: with intent to injure reputation of a candidate/official subject to recall or otherwise deceive a voter — fine <= $2,000 or imprisonment with or without hard labor <= 2 years, or both (18:1463(H))",none in statute,https://www.legis.la.gov/Legis/ViewDocument.aspx?d=1481244,silent,n/a (no PRA),silent,silent,silent,"electioneering communication as defined in 18:1483(33) (express advocacy or only-reasonable-conclusion appeal for a vote, including temporal proximity and direction to voters in the specific election)",silent,silent,silent,n/a,"independent-expenditure reporting if expenditures > $1,000 aggregate (18:1501.1) — not an AI-specific threshold",treated as 2026-08-01 default — not a general retroactivity clause,silent,clear and understandable disclosure consistent with 18:1463(E) that the communication was created using AI,silent,also crime (intent to injure reputation or deceive a voter),silent,silent,Artificial intelligence has the same meaning as R.S. 14:73.14 (18:1463(F)(2)(a)),silent,silent,silent,2026-09-02,"Act 806 (HB 459) adds R.S. 18:1463(F): no electioneering communication may portray a candidate or recall-subject official via AI-created/altered/manipulated media that would falsely appear authentic, or replace likeness, without a clear disclosure that it was created using AI (form consistent with subsection E). Penalty (intent to injure reputation or deceive a voter): <=$2,000 and/or <=2 years. Media entities with no input/control are out. No PRA. Enrolled Act has no effective-date section; Louisiana default 1 Aug 2026 used."
LA,"La. R.S. 51:1780.1-1780.5 (SB 386, Acts 2026, No. 502) — Louisiana Data Privacy Act",Louisiana Data Privacy Act — profiling opt-out,delayed (effective 2027-01-01),2026-05-29 (Act 502; Digital Policy Alert calendar — enrolled PDF APPROVED line blank),2027-01-01 (SB 386 section 2),2027-01-01; data-protection assessments of processing created or generated on or after 2027-01-01 and are not retroactive,Controller/processor that does business in the state and meets a threshold,ADS / solely automated profiling in furtherance of a decision that produces a legal or similarly significant effect (includes insurance),State agency/political subdivision; GLBA FI and affiliates/data; HIPAA covered entity/BA; nonprofit; higher ed; electric public utility (R.S. 45:121); registered public-opinion-poll conductors. PHI and listed health/research data categories,Attorney General. Violation is a LUTPA unfair/deceptive practice excluding private rights of action in R.S. 51:1409 and 1409.1 (51:1780.5(C)),none — LUTPA private rights expressly excluded (51:1780.5(C)),none as private liquidated damages. AG LUTPA path; dollar civil-penalty figure not restated in 1780.5 beyond the LUTPA cross-cite,"2027-01-01 through 2027-07-31: AG shall notify >=30 calendar days before initiating an investigation; no investigation if cured within 30 days with written statement, documentation, and internal-policy change if necessary (51:1780.5(D))",https://legis.la.gov/Legis/ViewDocument.aspx?d=1475339,silent,n/a (no PRA),silent,silent,time-limited AG cure 2027-01-01 to 2027-07-31 (30 days),does business in the state (51:1780.2(A)),silent,silent,silent,"n/a — profiling legal-effect category includes insurance, but GLBA entity/data carve-out; not an insurance-code UR statute","does business in the state and >=1 of: annual gross revenues > $25 million; annually buys/receives/sells/shares personal information of >=75,000 consumers, households, or devices; or derives >=50% of annual revenues from selling consumers personal information (51:1780.2(A))",assessments of processing created or generated on or after 2027-01-01 and are not retroactive,silent,time-limited AG cure; listed entity/data exemptions,chapter applicability/preemption heading at 51:1780.2 — local-preemption sentence not isolated this pass,civil-only (LUTPA AG),silent,GLBA/HIPAA/COPPA constructions in chapter,Profiling: any form of solely automated processing (51:1780.1). The enacted processor-duty sentence does not name artificial intelligence system (that phrasing was not in the enrolled act),controller shall make a requested data-protection assessment available to the AG (51:1780.4(E)); confidentiality sentence present — not a public record,silent,silent,2026-09-02,"Act 502 (SB 386) creates the Louisiana Data Privacy Act, R.S. 51:1780.1-.5, effective 1 Jan 2027. Consumers may opt out of solely automated profiling that produces legal or similarly significant effects, including provision/denial of insurance. AG-only LUTPA enforcement with private 51:1409/1409.1 rights excluded. Time-limited 30-day AG cure 1 Jan-31 Jul 2027. GLBA FI carve-out. Not an insurance-code UR statute. SB 246 (2026) insurer AI UR bill was withdrawn 28 May 2026 — not law."
KY,"KRS 367.3611-367.3629 (HB 15, 2024 RS) — Kentucky Consumer Data Protection Act",KCDPA — profiling opt-out,in force,2024-04-04 (signed; AG/KCDPA page),2026-01-01 (HB 15 section 12),2026-01-01; data-protection assessments apply to processing created or generated on or after 2026-06-01,Controllers that conduct business in the Commonwealth or produce products/services targeted to residents and meet a threshold,ADS / profiling in furtherance of decisions that produce legal or similarly significant effects (includes insurance),City/state agency/political subdivision; GLBA FI/affiliates/data; HIPAA covered entity/BA; nonprofit; higher ed; plus additional listed organizations in HB 15 section 2,Attorney General exclusive authority (HB 15 section 9),none — express no PRA (HB 15 section 9(4)),"none as private liquidated damages. AG: up to $7,500 for each continued violation after cure/breach of cure statement",30 days written notice before AG damages action; cure plus express written statement bars the damages action (HB 15 section 9(2)),https://apps.legislature.ky.gov/recorddocuments/bill/24RS/hb15/bill.pdf,silent,n/a (no PRA),"AG may recover reasonable expenses, court costs, attorney's fees (HB 15 section 9(5)); not a private fee-shift",silent,30-day AG cure before damages action,conduct business in the Commonwealth or produce products or services targeted to residents of the Commonwealth,produce products or services targeted to residents of the Commonwealth,silent,silent,n/a — profiling legal-effect category includes insurance; GLBA entity carve-out; not an insurance-code UR statute,">=100,000 consumers, or >=25,000 consumers and >50% gross revenue from sale of personal data, in a calendar year",assessments apply to processing created or generated on or after 2026-06-01,silent,30-day AG cure,silent,civil-only (AG),silent,GLBA/HIPAA constructions,"Profiling: any form of automated processing performed on personal data to evaluate, analyze, or predict personal aspects (HB 15 definitions). Not a GenAI definition",AG may request an assessment under investigative demand; making it available does not waive privilege (HB 15 assessment section),silent,silent,2026-09-02,"HB 15 (signed 4 Apr 2024) is the KCDPA, in force 1 Jan 2026 (KRS 367.3611-.3629). Opt-out of profiling in furtherance of legal/similarly significant effects, including insurance. AG exclusive; express no PRA; 30-day cure then up to $7,500 per continued violation. GLBA FI carve-out. Assessments for new processing from 1 Jun 2026. No Kentucky insurance-code AI UR statute found."
KY,"KRS 42.722, 42.726, and a new section of KRS 42.720-42.742 (SB 4, 2025 Ky. Acts ch. 66, sections 1-3)",State-government generative and high-risk AI governance,in force (emergency),2025-03-24 (signed by Governor; ch. 66),"2025-03-24 (emergency, SB 4 section 6)",2025-03-24; COT administrative regulations to implement by 2025-12-01; first inventory report 2025-12-01,"State departments, agencies, and administrative bodies that use/access the Commonwealth IT; COT; Artificial Intelligence Governance Committee. Developer/deployer as defined are state bodies",Government use of generative AI and high-risk AI (consequential decisions); public disclaimer; human review; registry,"COT IT-infrastructure carve-outs in 42.726(2)(f) (statewide elected officials, public postsecondary, etc.) are preexisting COT scope, not a private-sector exemption. Sections 1-3 shall not require disclosure of trade secrets, confidential/proprietary design/use information, or information that would create a security risk","Commonwealth Office of Technology / AI Governance Committee (policy, registry, approval). No private-sector enforcer in sections 1-3",none in sections 1-3,none,none in sections 1-3,https://apps.legislature.ky.gov/law/acts/25RS/documents/0066.pdf,silent,n/a (no PRA),silent,silent,silent,state departments/agencies/administrative bodies using Commonwealth IT/technology infrastructure,silent,silent,silent,n/a,none (state-body use),emergency on signature — not a general retroactivity clause,silent,trade-secret / security-risk non-disclosure (SB 4 section 3(9)),silent,civil-only / administrative (no crime in sections 1-3),silent,silent,"AI: use of machine learning and related technologies that uses data to train statistical models to perform tasks normally associated with human intelligence or perception (42.722). High-risk AI system: substantial factor in, or specifically intended to autonomously make, a consequential decision (material legal or similarly significant effect on provision/denial of services, cost, or terms). Generative AI: capable of producing synthetic audio/images/text/video","risk-management policy for high-risk systems (ISO/IEC 42001 or equivalent); annual LRC report includes registry and approve/deny rationales — public-report path, not a private discovery clause",silent,COT shall secure all data and implement a timeframe for data retention (SB 4 section 3(3)(c)) — no year count,2026-09-02,"2025 Ky. Acts ch. 66 sections 1-3 (emergency 24 Mar 2025) put COT policy standards and an AI Governance Committee over state-body generative and high-risk AI: registry, approval, human review of outcomes, public disclaimers when AI is used to render or inform decisions about citizens/businesses, appeal of consequential AI decisions, and ISO/IEC 42001-style risk management. No private-sector duty and no PRA. Election synthetic-media section of the same Act is a separate row."
KY,"KRS 117.322 (SB 4, 2025 Ky. Acts ch. 66, section 5; as later amended 2026 Ky. Acts ch. 161, section 106)",Synthetic media in electioneering communications — candidate injunctive PRA,in force (emergency 2025-03-24; compiled statute lists 2026-07-15 amendment effective),2025-03-24 (ch. 66); 2026 ch. 161 section 106 amendment effective 2026-07-15 (compiled history),2025-03-24 (ch. 66 emergency); 2026-07-15 (ch. 161 amendment),same,Sponsor of an electioneering communication containing synthetic media of a candidate; medium and ad-sales representative only in the limited cases in 117.322(5),Election synthetic media (GAN-manipulated audio/video of an identifiable natural individual),News/editorial/membership/business-regular-course exclusions in the electioneering-communication definition (117.001). Medium and ad-sales rep not liable except intentional disclaimer removal or changing content into synthetic media. ICS: not treated as publisher/speaker of another's content; 47 U.S.C. 230 exemption restated. Federally licensed broadcast 47 U.S.C. 315 exception in (5),Candidate plaintiff in Circuit Court of the county of residence; court-order noncompliance imports KRS 121.990(3) (via 121.190(1)),PRA — candidate whose appearance/action/speech is altered may seek injunctive or other equitable relief requiring a clear conspicuous disclosure. Does not limit other available remedies (117.322(1)(b)),none as a liquidated floor. Equitable disclosure order; prevailing-party fees. Failure to obey the order: KRS 121.990(3) penalties (not isolated this pass),none as a statutory cure; affirmative defense if the communication already includes the required disclosure (117.322(4)),https://apps.legislature.ky.gov/law/statutes/statute.aspx?id=57958,silent,silent,yes — court may award a prevailing party reasonable attorney's fees and costs (117.322(1)(b)),silent,affirmative defense of existing disclosure; not a cure period,electioneering communication distributed to an audience that includes members of the relevant electorate within 45 days of a primary or regular election (117.001 definition); plaintiff files in county of residence,silent,Circuit Court of the county in which the plaintiff resides (117.322(2)(a)1),silent,n/a,none,emergency 2025-03-24,silent,clear conspicuous disclosure (definitional exclusion and affirmative defense); news/ICS/broadcast limits,silent,civil PRA; noncompliance with the court's disclosure order is subject to KRS 121.990(3),silent,47 U.S.C. 230 and 315 constructions,"Synthetic media: audio or video of an identifiable natural individual's appearance, action, or speech intentionally manipulated with generative adversarial network techniques to create a realistic but false recording of something that did not occur, producing a fundamentally different understanding than the unaltered original (117.001). GAN and neural-network terms defined there",silent,silent,silent,2026-09-02,"Ch. 66 section 5 (emergency 24 Mar 2025) created KRS 117.322. A candidate whose appearance, action, or speech is altered by GAN synthetic media in an electioneering communication (generally within 45 days of a primary/regular election) may sue the sponsor in home-county Circuit Court for an injunction requiring a conspicuous disclosure, on clear-and-convincing proof. Prevailing-party fees. Disclosure is an affirmative defense. Media generally not liable except disclaimer stripping or content alteration. No liquidated damages. Compiled history notes a 15 Jul 2026 amendment (ch. 161 section 106)."
KY,"KRS 531.300-.370 as amended (HB 207, 2024 RS)",Computer-generated image of a minor — CSAM / sexual-performance statutes,in force,2024-03 (enrolled PDF timestamp 2024-03-27; chapter number unconfirmed this pass),Kentucky default (no effective-date section in the unofficial enrolled PDF) — treated as 2024-07-15 unless a delayed sentence exists in the Acts volume (unconfirmed),same (unconfirmed),"Persons who use, possess, distribute, advertise, or promote matter portraying a sexual performance by a minor or a computer-generated image of a minor (KRS ch. 531 as amended)",CSAM / sexual performance — computer-generated image of a minor (identifiable person; actual minor need not exist),silent in the extracted CGI definitional/proof sections this pass (preexisting ch. 531 exceptions not re-pulled),criminal prosecution,none in HB 207,none as private liquidated damages,none in statute,https://apps.legislature.ky.gov/recorddocuments/bill/24RS/hb207/bill.pdf,silent,n/a (no PRA),silent,silent,silent,silent,silent,silent,silent,n/a,none,treated as 2024 default — not a general retroactivity clause,silent,silent,silent,also crime (Class B/C/D felonies depending on the amended 531 offense),silent,silent,"Computer-generated image: any visual depiction (photograph, film, video, or picture) created, adapted, or modified by a computer to appear to be an identifiable person. Identifiable person: recognizable by face, likeness, or other distinguishing characteristic. New section: Commonwealth need not prove actual identity or age of the minor, or that the minor actually exists, in a ch. 531 prosecution involving a CGI of a minor. Statute does not say artificial intelligence",silent,silent,silent,2026-09-02,"HB 207 (2024 RS) amends KRS Chapter 531 so matter includes a computer-generated image and defines CGI as a depiction created/adapted/modified by a computer to appear to be an identifiable person. Sexual-performance, distribution, and advertising offenses reach CGI of a minor. A new section provides the Commonwealth need not prove the minor's actual identity, age, or existence. Crime only. Chapter number, governor day, and default effective calendar day unconfirmed in the unofficial enrolled PDF. Adult NCII statute KRS 531.120 does not say AI — not a row."
SC,"S.C. Code sections 16-15-330, 16-15-332 (H. 3058, 2025 Act No. 37)",Unauthorized disclosure of intimate images (digitally forged),in force,2025-05-12 (signed),2025-05-12 (upon approval),2025-05-12,A person who intentionally disseminates an intimate image or a digitally forged intimate image of another without effective consent,Digitally forged intimate image (machine-learning / computer-generated) plus authentic intimate images,Law-enforcement-created images pursuant to an otherwise lawful criminal investigation (16-15-332(F)),criminal prosecution,none in Act 37,"none as private liquidated damages. Criminal fines: harm/profit first offense <= $5,000 (felony <=5 years); subsequent <= $10,000 and 1-10 years (min unsuspendable). Without harm/profit intent: first misdemeanor <= $5,000 / <=1 year; subsequent felony <= $5,000 / <=5 years",none in statute,https://www.scstatehouse.gov/sess126_2025-2026/bills/3058.htm,silent,n/a (no PRA),silent,silent,silent,silent,silent,silent,silent,n/a,none. Multiple images of the same individual as part of a common act = a single offense,effective on signature — not a general retroactivity clause,silent,law-enforcement investigation exception,silent,also crime,silent,silent,"Digitally forged intimate image: intimate image of an identifiable individual that appears to a reasonable person indistinguishable from an authentic visual depiction, generated or substantially modified using machine-learning techniques or any other computer-generated or machine-generated means to falsely depict appearance or conduct, even if labeled inauthentic (16-15-330(1))",silent,silent,images cannot be duplicated for criminal discovery requests and motions (16-15-332(D)) — not a retention-year rule,2026-09-02,"2025 Act No. 37 (H. 3058), signed 12 May 2025, adds sections 16-15-330 and 16-15-332. Intentional dissemination of an intimate image or a digitally forged (ML/computer-generated) intimate image without effective consent is a crime, with felony penalties if done with intent to harm or for profit. Creation consent is not dissemination consent. Crime only; no PRA. No SC election-deepfake statute (H. 3517 failed). No insurance-code AI UR statute found."
SC,"S.C. Code section 16-15-390 (S. 28, 2025 Act No. 57)",Obscene visual representations of child sexual abuse (computer-generated; minor need not exist),in force,2025-05-22 (approved),2025-05-22,2025-05-22,"Any person who knowingly produces, distributes, solicits, or possesses with intent to distribute — or possesses — an obscene visual depiction or representation that depicts a minor in sexually explicit conduct/activity/nudity",CSAM — computer-generated image or picture; depicted minor need not actually exist,Specified LE/prosecutor/DOC employees acting in official capacity; telecommunications or information service provider (47 U.S.C. 153) for content provided by another. Arrest warrant only after state grand-jury true bill or ICAC+AG probable-cause finding,criminal prosecution (warrant path limited as above),none in Act 57,none as private liquidated damages. Felony imprisonment no more than 10 years (produce/distribute/solicit/possess-with-intent and simple possession). Minor first-offender: family-court misdemeanor,none in statute,https://www.scstatehouse.gov/sess126_2025-2026/bills/28.htm,silent,n/a (no PRA),silent,silent,silent,silent,silent,silent,silent,n/a,none,effective on approval — not a general retroactivity clause,silent,LE official-capacity; telecom/information-service for third-party content,silent,also crime; sex-offender-registry add in the Act,silent,47 U.S.C. 153 provider carve-out,"Visual depiction or representation includes any computer image or picture or computer-generated image or picture, whether made or produced by electronic, mechanical, or other means (16-15-390(A)(2)). It is not a required element that the minor depicted actually exists (16-15-390(E)). Statute does not say artificial intelligence",silent,silent,silent,2026-09-02,"2025 Act No. 57 (S. 28), effective 22 May 2025, adds section 16-15-390. Producing, distributing, soliciting, possessing with intent, or possessing an obscene visual depiction of a minor in sexually explicit conduct is a felony (<=10 years). Computer-generated pictures are in the definition; the depicted minor need not exist. Crime only. Companion morphed-identifiable-minor amendments are a separate row (Act 58)."
SC,"S.C. Code sections 16-15-375, 16-15-395, 16-15-405, 16-15-410, 16-15-412 (S. 29, 2025 Act No. 58)",Sexual exploitation of a minor — morphed images of identifiable minors,in force,2025-05-22 (approved),2025-05-22,2025-05-22,"Persons who record/produce/distribute/possess material containing a visual representation of a minor or a morphed image of an identifiable minor engaged in sexual activity, as amended into first/second/third degree exploitation",CSAM — morphed / computer-generated image of an identifiable minor,Family-court misdemeanor path for a minor's first morphed-image offense (degree-specific). Warrant procedures in new 16-15-412,criminal prosecution,none in Act 58,none as private liquidated damages (underlying 16-15-395/-405/-410 penalties not re-isolated this pass beyond the morphed-image add),none in statute,https://www.scstatehouse.gov/sess126_2025-2026/bills/29.htm,silent,n/a (no PRA),silent,silent,silent,silent,silent,silent,silent,n/a,none,effective on approval — not a general retroactivity clause,silent,silent,silent,also crime; registry conforming amendments,silent,silent,"Morphed image: any visual depiction or representation, including any photograph, film, video, picture, or computer or computer-generated image or picture, whether made or produced by electronic, mechanical, or other means (16-15-375 as amended). Identifiable minor defined in the same section",silent,silent,silent,2026-09-02,"2025 Act No. 58 (S. 29), effective 22 May 2025, defines morphed image and identifiable minor in 16-15-375 and folds morphed images of identifiable minors into first, second, and third degree sexual exploitation of a minor (16-15-395, -405, -410), with a new warrant section 16-15-412. Crime only. No PRA."
AL,"Ala. Code 17-5-16.1 (compiled cite unconfirmed in enrolled bill) (HB 172, Act 2024-349 per fiscal/code sources)",Materially deceptive AI election media,in force,2024-05 (Senate passed 2024-05-08; House concurred 2024-05-09; governor calendar day unconfirmed in enrolled PDF),2024-10-01 (enrolled section 5),2024-10-01,"A person who distributes, or agrees to distribute, materially deceptive media (AI-produced image/audio/video falsely depicting speech or conduct) within 90 days before an election with the specified knowledge and dual intents",Election deepfake / materially deceptive AI media,Disclaimer safe harbor (manipulated-by-technical-means plus speech/conduct did not occur; video throughout / audio bookends / image visible; citation to original if edited). Satire/parody substantially dependent on physical/verbal impersonation not technology/AI. Bona fide newscast with authenticity acknowledgment. Distributors without actual knowledge and without intent (ICS/broadcast/periodical/streaming). 47 U.S.C. ch. 5 / FCC political-programming and section 230 constructions. Creator definition excludes mere distributors/developers of AI tech,"Criminal prosecution; permanent injunction: AG, depicted individual, injured/likely-injured candidate, or entity representing interests of voters likely to be deceived",PAG/limited PRA — permanent injunction only (clear and convincing that defendant knew the media falsely represented the depicted individual). No damages PRA in enrolled act. Non-AG plaintiff awarded injunction: court may award costs and attorney fees,none as private liquidated damages. Crime: Class A misdemeanor; second or subsequent conviction within five years is a Class D felony,none as a cure period; disclaimer is an element-out / safe harbor,https://alison.legislature.state.al.us/files/pdf/SearchableInstruments/2024RS/HB172-enr.pdf,silent,silent,"yes — if a non-AG plaintiff is awarded permanent injunctive relief, the court may award costs and attorney fees to the plaintiff; frivolous complaint: court may award costs/fees to defendant",silent,disclaimer safe harbor (not a cure period),distribution within 90 days before a federal/state/legislative/judicial/countywide/local/general/primary/runoff/special election,silent,silent,silent,n/a,none,operative 2024-10-01 — not a general retroactivity clause,silent,specified disclaimer; satire/parody impersonation; bona fide news with authenticity acknowledgment; no-actual-knowledge distributor list,silent,also crime (Class A misdemeanor / Class D felony repeat within 5 years),silent,"shall not alter rights/obligations/immunities under 47 U.S.C. ch. 5, FCC political-programming rules, other federal law, or 47 U.S.C. 230","Artificial intelligence: any artificial system or generative AI system that performs tasks under varying and unpredictable circumstances without significant human oversight or that can learn from experience and improve performance when exposed to data sets. Materially deceptive media: image/audio/video that falsely depicts speech/conduct, that a reasonable viewer/listener would incorrectly believe, and that was produced by AI",silent,silent,silent,2026-09-02,"HB 172 (effective 1 Oct 2024) makes it a Class A misdemeanor (Class D felony on a second conviction within 5 years) to distribute AI-produced materially deceptive media within 90 days of an election, knowing it is false, intending to harm a candidate's reputation/electoral prospects, and intending to change voting patterns by deceit. Specified disclaimer is a safe harbor. AG, depicted person, injured candidate, or voter-interest entity may seek a permanent injunction on clear-and-convincing knowledge; non-AG injunction winner may get fees. No damages PRA. Compiled 17-5-16.1 / Act 2024-349 number not on the enrolled PDF."
AL,2026 Ala. SB 63 (enrolled; Act number unconfirmed in enrolled PDF) — health-benefit-plan AI utilization review,Health benefit plan AI in medical-necessity prior authorization,delayed (effective 2026-10-01),2026-04 (House amended/passed 2026-04-08; Senate concurred 2026-04-08; governor calendar day unconfirmed in enrolled PDF; secondary trackers: 2026-04-17),2026-10-01 (enrolled section 2),2026-10-01,"Health benefit plan providers (issuers, HMOs, nonprofit health-care service plans, nonprofit agricultural health-benefit organizations) and internal or contracted utilization-review units that use AI to make medical-necessity determinations on PA requests",Insurance-code AI: PA medical-necessity determinations; AI may not be the sole decider of deny/delay/modify; licensed clinician must decide,"Health benefit plan excludes accident-only, specified disease, individual hospital indemnity, credit, dental-only, Medicare supplement, LTC, disability income, other limited-benefit, liability-supplement, workers comp, auto med-pay","Alabama Department of Insurance: notice, 30-day response, Title 27 ch. 2 art. 1 hearing; corrective plan; repeat pattern/practice: administrative fine <= $5,000 and/or suspend/revoke certificate of authority",none in enrolled act,"none as private liquidated damages. DOI administrative fine <= $5,000 for a repeat violation occurring with such frequency as to indicate a general business pattern or practice (to State General Fund). Provider reimburses DOI investigation expenses",30 days to respond to DOI notice of alleged violation (enrolled (d)(1)) — not a consumer cure,https://alison.legislature.state.al.us/files/pdf/SearchableInstruments/2026RS/SB63-enr.pdf,silent,n/a (no PRA),silent,silent,DOI 30-day response then hearing,"plan, policy, or contract issued, delivered, or renewed in this state (health benefit plan definition)",silent,silent,silent,"yes — Alabama insurance / health-benefit-plan UR; issued, delivered, or renewed in this state",none,effective 2026-10-01 — not a general retroactivity clause,silent,"AI may be used if determinations are based on the enrollee medical history, unique clinical circumstances, and additional clinical information in the record, and a licensed physician or other competent health professional always makes any deny/delay/modify medical-necessity determination. Annual certification. Attestation by authorized representative based on reasonable reliance on internal policies/procedures and third-party vendors satisfies (b) and (c)",silent,civil-only (DOI administrative),silent,HIPAA purpose-limitation for patient data used by the AI (enrolled (c)(3)),"Artificial intelligence: a machine-based system that may include software or physical hardware that performs tasks, based upon data-set inputs, which require human-like perception, cognition, planning, learning, communication, or physical action and which is capable of improving performance based upon learned experience without significant human oversight toward influencing real or virtual environments",periodic review of AI use and outcomes for accuracy/reliability (enrolled (c)(2)) — not a public IA,silent,patient data used in UR by AI not used beyond intended/stated purpose consistent with HIPAA — no year count,2026-09-02,"Enrolled SB 63 (effective 1 Oct 2026) limits AI in health-benefit-plan medical-necessity PA. AI-using providers must base determinations on the enrollee history and unique clinical circumstances, annually certify the AI does not rely on a group dataset and is fairly/equitably applied, disclose AI use in UR policies, and have a licensed clinician make every deny/delay/modify medical-necessity call. DOI enforcement; repeat pattern/practice fine <=$5,000 and/or COA suspension/revocation. No PRA. Delayed as of 2 Sep 2026."
AL,"Alabama Personal Data Protection Act (HB 351, 2026 RS; Act number unconfirmed in enrolled PDF)",APDPA — profiling opt-out,delayed (effective 2027-05-01),2026-04-17 (secondary chaptered-signing reports; enrolled PDF has House origin 2026-02-24 and later concurrence — governor calendar day unconfirmed on PDF),2027-05-01 (enrolled section 12),2027-05-01,Persons that conduct business in this state or produce products/services targeted to residents and meet a threshold (controllers/processors),"ADS / solely automated profiling in furtherance of significant decisions (provision/denial of credit/lending, housing, insurance, education, criminal justice, etc.)","Political subdivisions/boards; higher ed; national securities association (15 U.S.C. 78o-3); FI/affiliate under 15 U.S.C. ch. 94; GLBA Title V FI/affiliate or GLBA-processed data; plus listed data-type exemptions (PHI, FCRA, etc.)",Attorney General may enforce (enrolled section 11),none in enrolled act (AG enforcement section only; no PRA sentence),"none as private liquidated damages. Court may assess a civil penalty <= $15,000 per violation after failed 45-day correction (AG action)",45 days after AG notice of violation; correction plus express written statement that no further violations will occur bars the action (section 11(b)),https://alison.legislature.state.al.us/files/pdf/SearchableInstruments/2026RS/HB351-enr.pdf,silent,n/a (no PRA),silent,silent,45-day AG cure,conduct business in this state or produce products or services targeted to residents of this state,produce products or services targeted to residents of this state,silent,silent,n/a — significant-decision category includes insurance; GLBA FI carve-out; not an insurance-code UR statute,">25,000 consumers (excluding payment-transaction-only data) OR derive >25% of gross revenue from the sale of personal data regardless of consumer count",effective 2027-05-01 — not a general retroactivity clause. Enrolled act has no data-protection-assessment section,silent,45-day AG cure,silent,civil-only (AG),silent,GLBA / 15 U.S.C. ch. 94 constructions,"Profiling: any form of solely-automated processing performed on personal data to evaluate, analyze, or predict personal aspects related to an identified or identifiable individual's economic situation, health, personal preferences, interests, reliability, behavior, location, or movements (enrolled definitions). Not a GenAI definition",silent (no assessment duty found in enrolled act),silent,silent,2026-09-02,"HB 351 (effective 1 May 2027) is the Alabama Personal Data Protection Act. Opt-out of profiling in furtherance of solely automated significant decisions, including insurance. Applies to in-state or resident-targeted businesses over 25,000 consumers or >25% revenue from sale of personal data. AG-only in the enrolled enforcement section; 45-day cure then injunction and <=$15,000/violation. GLBA carve-out. No IA duty found. Not an insurance-code UR statute. 2026 SB 129 GenAI-disclosure bill remained in committee — not law."
OK,"21 O.S. 1040.13b (HB 1364, 2025; signed 2025-05-05 per session timeline)",Nonconsensual dissemination of artificially generated sexual depictions,in force,2025-05-05 (governor; enrolled PDF signature block blank),2025-11-01 (enrolled section 2),2025-11-01,"A person who disseminates an artificially generated sexual depiction of another with intent or reckless disregard to harass/annoy/threaten/alarm or cause physical, emotional, reputational, or economic harm, without effective consent; plus preexisting nonconsensual private-sexual-image dissemination",AI / technically generated sexual depiction of an identifiable person (intimate deepfake),"Criminal investigation; reporting unlawful conduct; voluntary public/commercial exposure; lawful purpose. No liability solely for third-party content on an ICS (47 U.S.C. 230(f)(2)), wireless provider, or telecommunications/broadband provider",criminal prosecution; court may order defendant to remove the image if in the defendant's power,none in HB 1364,"none as private liquidated damages. Misdemeanor: county jail <=1 year and/or fine <= $1,000. Financial-gain/attempted-gain: felony <=5 years (<=10 years plus sex-offender registration on second). Three or more images/depictions in six months: felony <=10 years",none in statute,https://www.oklegislature.gov/cf_pdf/2025-26%20ENR/hB/HB1364%20ENR.PDF,silent,n/a (no PRA),silent,silent,silent,silent,silent,silent,silent,n/a,three or more images/depictions within six months elevates to the 10-year felony,effective 2025-11-01 — not a general retroactivity clause,silent,ICS/wireless/telecom for third-party content; listed lawful-purpose exceptions,silent,also crime,silent,47 U.S.C. 230(f)(2) ICS construction,"Artificial intelligence: machine-based system that can, for human-defined objectives, make predictions, recommendations, or decisions influencing real or virtual environments (perceive / abstract into models / model inference), including generative AI. Artificially generated sexual depiction: visual depiction that appears to authentically depict an individual in nudity or sexual conduct that did not occur in reality, production substantially dependent on technical means including AI or photo-editing software rather than physical impersonation. Generative AI: models that emulate training data to generate derived synthetic content",silent,silent,silent,2026-09-02,"HB 1364 (signed 5 May 2025, in force 1 Nov 2025) amends 21 O.S. 1040.13b to cover dissemination of artificially generated sexual depictions without effective consent, with intent or reckless disregard to harm. Base misdemeanor <=1 year/<=$1,000; financial-gain and 3-in-6-months felonies. ICS carve-out. Crime only; no PRA. No Oklahoma election-deepfake statute (HB 3299 / SB 894 failed). No insurance-code AI UR statute found."
OK,"Okla. Stat. tit. 75A, sections 300-320 (SB 546, 2026) — Oklahoma Consumer Data Privacy Act",OCDPA — profiling opt-out,delayed (effective 2027-01-01),2026-03-20 (governor; enrolled PDF signature block blank),2027-01-01 (enrolled section 22),2027-01-01; assessments of processing created after the effective date and shall not be retroactive,Controller or processor who conducts business in this state or produces a product or service targeted to residents and meets a threshold,ADS / solely automated profiling in furtherance of a decision that produces a legal or similarly significant effect (includes insurance),State agency/political subdivision and their processors; GLBA FI or data; HIPAA covered entity/BA; nonprofit; higher ed; purely personal/household processing; listed CSA listed-chemical data. PHI and listed health/research categories,Attorney General exclusive authority (tit. 75A 312/313 as numbered in enrolled sections 13-14),none — express: shall not be construed as providing a basis for or being subject to a PRA (enrolled section 14(E)),"none as private liquidated damages. Civil penalty <= $7,500 for each violation after failed cure / breached cure statement",permanent 30-day written notice before AG action (enrolled section 13),https://www.oklegislature.gov/cf_pdf/2025-26%20ENR/SB/SB546%20ENR.PDF,silent,n/a (no PRA),AG may recover fees/expenses (enrolled section 14) — not a private fee-shift,silent,permanent 30-day AG cure,conducts business in this state or produces a product or service targeted to the residents of this state,produces a product or service targeted to the residents of this state,silent,silent,n/a — profiling legal-effect category includes insurance; GLBA entity carve-out; not an insurance-code UR statute,"during a calendar year: >=100,000 consumers, or >=25,000 consumers and >50% gross revenue from sale of personal data",assessments of processing created after the effective date and shall not be retroactive,silent,permanent 30-day AG cure,silent,civil-only (AG),silent,GLBA/HIPAA constructions,Profiling: any form of solely automated processing (enrolled definitions). Not a GenAI definition,assessments available to the AG upon written request; compliance with an AG request shall not constitute a waiver (assessment section),silent,silent,2026-09-02,"SB 546 (signed 20 Mar 2026) creates the Oklahoma Consumer Data Privacy Act in Title 75A, effective 1 Jan 2027. Opt-out of solely automated profiling for legal/similarly significant effects, including insurance. AG exclusive; express no PRA; permanent 30-day cure; <=$7,500/violation. GLBA FI carve-out. Assessments not retroactive. Not an insurance-code UR statute."
KS,"K.S.A. 21-5510 and 21-5611 as amended (HB 2183, 2025-26; approved 2026-02-05)",Sexual exploitation / unlawful transmission — artificially generated visual depictions of children,in force,2026-02-05 (approved by Governor; legislature history),2026-07-01 (publication in the statute book / legislature site),2026-07-01,"Persons who possess, promote, or transmit visual depictions of children in sexually explicit conduct or nudity, including artificially generated / AI-altered depictions","CSAM — artificially generated visual depiction; visual depiction includes AI-created/altered images purporting to depict a child, including with no actual child involved",21-5510: possession of a visual depiction of a child in nudity if the possessor is that child. 21-5611: transmission by the depicted child; does not apply to sexually explicit conduct/obscenity (those stay in 21-5510). Preexisting 21-5610/5611 cross-cites retained,criminal prosecution,none in HB 2183,none as private liquidated damages,none in statute,https://www.kslegislature.gov/b2025_26/bills/download/?apn=b2025_26%2Fyear1%2Fready_for_publication%2Fhb_2183%2Fhb2183_03_0000.pdf,silent,n/a (no PRA),silent,silent,silent,silent,silent,silent,silent,n/a,none,effective 2026-07-01 on statute-book publication — not a general retroactivity clause,silent,depicted-child self-possession / self-transmission,silent,also crime (21-5510 severity level 5/3/off-grid as amended; 21-5611 misdemeanor/felony grid as amended),silent,silent,"Artificially generated visual depiction: a visual depiction that is obscene and produced through computer software, digital manipulation, or other means that creates an image or video that appears to depict a child under 18 shown or heard engaging in sexually explicit conduct, including indistinguishable-from-real, morphed-from-real, or generated without any actual child. Visual depiction includes any photograph/film/video/digital/computer-generated image created, altered, or modified in whole or in part by artificial intelligence or any digital means to appear to depict or purport to depict a child engaging in sexually explicit conduct",silent,silent,silent,2026-09-02,"HB 2183 (approved 5 Feb 2026, in force 1 Jul 2026) amends K.S.A. 21-5510 so sexual exploitation includes possessing an artificially generated visual depiction and so visual depiction includes AI-created or AI-altered images of a child, including with no actual child involved. Parallel CGI/AI language is added to 21-5611 (unlawful transmission). Crime only. Adult NCII AI language in 21-6101(a)(8) is a separate row. SB 525 deepfake PRA died in committee 2024. SB 375 election GenAI died."
KS,"K.S.A. 21-6101(a)(8) as amended (HB 2183, 2025-26; approved 2026-02-05)",Breach of privacy — AI-altered nude or sexual images of identifiable adults,in force,2026-02-05 (approved by Governor),2026-07-01 (statute-book publication),2026-07-01,"A person who disseminates a videotape/photograph/film/image of an identifiable person 18+ who is nude or engaged in sexual activity, without consent, with intent to harass/threaten/intimidate, including AI-created/altered images purporting to depict that person whether or not the person was involved in creating the original image",Intimate deepfake / AI-altered nude or sexual image of an identifiable adult (criminal breach of privacy),"ICS (47 U.S.C. 230) for content provided by another; telco/radio-common-carrier/LEC; cable service (47 U.S.C. 522); DTH satellite (47 U.S.C. 303(v)); MVPD. (a)(8) does not apply to a person acting with a bona fide and lawful scientific, educational, governmental, news, or other similar public purpose",criminal prosecution,none in 21-6101 / HB 2183 (criminal only; SB 525 civil deepfake PRA not enacted),none as private liquidated damages. (a)(8) is a severity level 8 person felony (level 5 on second/subsequent within 5 years),none in statute,https://www.kslegislature.gov/b2025_26/bills/download/?apn=b2025_26%2Fyear1%2Fready_for_publication%2Fhb_2183%2Fhb2183_03_0000.pdf,silent,n/a (no PRA),silent,silent,silent,silent,silent,silent,silent,n/a,none,effective 2026-07-01 — not a general retroactivity clause,silent,ICS/cable/MVPD; bona fide scientific/educational/governmental/news/public purpose for (a)(8),silent,also crime,silent,"47 U.S.C. 230, 522, 303(v) constructions","(a)(8) includes disseminating any videotape, photograph, film, or image that has been created, in whole or in part, altered or modified by artificial intelligence or any digital means to appear to depict or purport to depict such identifiable person, regardless of whether such identifiable person was involved in the creation of the original image",silent,silent,silent,2026-09-02,The same HB 2183 that expanded child-exploitation CGI also amended K.S.A. 21-6101(a)(8) so criminal breach-of-privacy dissemination of nude/sexual images of identifiable adults covers AI-created or AI-altered images even if the depicted person was not in the original. Severity level 8 person felony (level 5 repeat in 5 years). ICS and news/public-purpose carve-outs. Crime only; Kansas still has no BIPA-style or SB 525-style private liquidated deepfake statute.
VT,"3 V.S.A. §§ 3305, 5022–5023 (2021, No. 132 (Adj. Sess.), H.410; council later amended, incl. 2026 Acts Nos. 101, 156)",Division of Artificial Intelligence; state ADS inventory,in force (council sunset extended to 2030-06-30 by Act 101),2022-05-24 (Act 132 signed),2022-07-01 (Act 132 § 9),same as effective,"Agency of Digital Services / Division of Artificial Intelligence; State government AI systems developed, employed, or procured","Government use: ADS inventory (name, vendor, capabilities, data, bias testing, purpose, sharing, IT fiscals). Division reviews State AI, proposes ethics code, annual report. Advisory Council advises the Director.",State-government scope only. No private-sector duties in these sections.,Agency of Digital Services / Division (inventory and review). No civil-penalty path in §§ 3305/5022.,none in §§ 3305/5022,none (no PRA),none in statute,https://legislature.vermont.gov/statutes/section/03/056/03305,silent,n/a (no PRA),silent,silent,silent,silent,silent,silent,silent,n/a,none (all State ADS),"inventory of systems being developed, employed, or procured — not a general retroactivity clause",silent,silent,silent,civil-only (inventory/report),silent,silent,ADS inventory in § 3305; Division covers artificial intelligence systems in State government (§ 5022),inventory contents listed in § 3305(b); annual Division report to General Assembly (§ 5022(c)),silent,silent,2026-09-02,"Act 132 (signed 24 May 2022, effective 1 Jul 2022) created the Division of AI in ADS and an ADS inventory under 3 V.S.A. § 3305. Advisory Council (3 V.S.A. § 5023) advises the Director; Act 101 (2026) extended the council repeal to 30 Jun 2030. No PRA, no private-sector duty."
VT,"13 V.S.A. § 2606 (2015, No. 62; amended 2023, No. 161 (Adj. Sess.) § 45, eff. 2024-06-06; further amended 2026 Act No. 89 (H.626), eff. 2026-07-01)",Nonconsensual sexually explicit images (digitization / computer-generated),in force (digitization definition 2024-06-06; Act 89 amendments 2026-07-01),2024-06-06 (No. 161 digitization); 2026-04-28 (Act 89 signed),2024-06-06 (No. 161); Act 89 2026-07-01,same,Person who knowingly discloses an identifiable visual image of a person nude or engaged in sexual conduct,Intimate-image / deepfake-adjacent: visual image includes digital reproduction created or altered by digitization; digitization uses images of a person (including someone other than the person depicted) or computer-generated images. Offense + PRA.,Voluntary public/commercial nudity; public-interest/law-enforcement/legal/medical disclosures; matters of public concern; ICS/information/telecom for content solely provided by another (not precluding other remedies) (§ 2606(d)),Prosecuting authority; depicted plaintiff (PRA),PRA — plaintiff vs knowing nonconsensual disclosure causing harm (§ 2606(e)); equitable relief including injunction/pseudonym,"none as liquidated floor in § 2606(e). Offense: ≤2 years / ≤$2,000; profit-intent ≤5 years / ≤$10,000",none in § 2606,https://legislature.vermont.gov/statutes/section/13/059/02606,silent,silent,silent,silent,silent,silent,silent,silent,silent,n/a,none,Act 89 effective 2026-07-01; digitization amendment 2024-06-06 — not a general retroactivity clause,Act 89 extends criminal limitations for § 2606 (compiled 2025 text still shows prior period; confirm 2026 compile). Civil limitations silent in § 2606(e),silent,silent,also crime,silent,silent,"Digitization: altering an image in a realistic manner utilizing an image or images of a person, including images other than the person depicted, or computer-generated images (§ 2606(a)(6)). Statute does not say artificial intelligence.",silent,silent,silent,2026-09-02,"§ 2606 covers realistic computer-generated/digitized identifiable nude or sexual-conduct images. Knowing disclosure with harm intent is an offense (2 years/$2,000; 5 years/$10,000 if for profit). Depicted plaintiff has a PRA for knowing nonconsensual disclosure causing harm, plus injunction. No liquidated civil floor. Digitization definition 6 Jun 2024; Act 89 signed 28 Apr 2026 effective 1 Jul 2026."
VT,"17 V.S.A. §§ 2031–2042 (2026 Act No. 75, S.23)",Use of synthetic media in elections,in force,2026-03-05 (governor signed),2026-03-05 (on passage),same,"Person who, within 90 days before a Vermont election, publishes/communicates/distributes synthetic media the person knows is deceptive and fraudulent synthetic media",Election synthetic media (incl. AI): required disclosure that the media has been manipulated or generated by digital technology and depicts speech or conduct that did not occur.,Bona fide news with authenticity acknowledgment; paid broadcast; federal candidate-ad carriage; newspapers/periodicals of general interest with accuracy statement; satire/parody; telecom/information service and ICS for content provided by another (§ 2032(b)),"State's Attorney or Attorney General (injunction/other proceeding, civil investigation) (§§ 2041–2042). Candidate PAG for injunction/equitable relief only (§ 2033(b))",PAG — candidate whose appearance/speech/conduct/environment is misrepresented may seek injunctive or other equitable relief (§ 2033(b)). No damages PRA in the act,"none as private liquidated. Knowing/intentional violation: fine ≤$1,000; ≤$5,000 if intent to cause violence/bodily harm; ≤$10,000 if prior within 5 years; ≤$15,000 if both. Investigation obstruction ≤$5,000",none in act,http://legislature.vermont.gov/Documents/2026/Docs/ACTS/ACT075/ACT075%20As%20Enacted.pdf,silent,n/a (candidate equitable only),silent,silent,silent,90 days before an election in Vermont; AG/SA may take testimony in Washington County if nonresident or no Vermont place of business (§ 2042(a)(2)),civil investigation attendance in Washington County if nonresident/no VT place of business (§ 2042(a)(2)),silent,silent,n/a,none,silent,silent,silent,silent,also crime (fine schedule in § 2033(a); knowing/intentional),silent,silent,"Synthetic media: image, audio, or video of an individual's appearance, speech, or conduct created or intentionally manipulated with digital technology, including artificial intelligence (§ 2031(2)). Deceptive and fraudulent: realistic representation of a political candidate that injures reputation, or of an individual that attempts to unduly influence an election (incl. public question) by materially false information (§ 2031(1))",silent,silent,silent,2026-09-02,"Act 75 (S.23, signed 5 Mar 2026, on passage) requires a disclosure for knowing distribution of deceptive/fraudulent synthetic media (incl. AI) within 90 days of a Vermont election. Candidate may seek injunction/equitable relief only. AG or State's Attorney may sue and investigate. Fines up to $1,000 (higher with violence intent or recidivism). News, satire, ICS/telecom excepted."
VT,"18 V.S.A. § 1891 (2026 Act No. 101, H.814)",Mental privacy and neural rights; AI Advisory Council report (incl. insurance UR),in force (recognition/report; no private-sector mandate in § 1891),2026-05-18 (governor signed),2026-05-18 (on passage),same,State (recognition of neural rights). AI Advisory Council (3 V.S.A. § 5023) report due 2027-01-15. No private-sector operator duty in § 1891 itself.,"Government/policy: General Assembly recognizes rights to mental privacy, liberty of thought, and mental integrity. Council must report on neural-data/neurotech issues and, with DFR, on AI used to make utilization-review decisions in insurance.",§ 1891 is recognition/report only. No operator carve-out list.,none specified in § 1891 (report to General Assembly),none in § 1891,none (no PRA),none,http://legislature.vermont.gov/Documents/2026/Docs/ACTS/ACT101/ACT101%20As%20Enacted.pdf,silent,n/a (no PRA),silent,silent,silent,silent,silent,silent,silent,n/a (report on insurance UR; not an insurance-code duty),none,silent,silent,silent,silent,civil-only (report/recognition),silent,silent,Act title includes artificial intelligence; § 1891 does not define AI. UR study is AI used to make utilization-review decisions.,Council report due 2027-01-15 (public report to General Assembly),silent,silent,2026-09-02,"Act 101 (H.814, signed 18 May 2026, on passage) adds 18 V.S.A. § 1891 recognizing mental privacy/liberty of thought/mental integrity and directing the AI Advisory Council (with DFR) to report by 15 Jan 2027 on neural-data/neurotech and AI in insurance utilization review. No PRA and no private-sector mandate in § 1891. Council sunset extended to 30 Jun 2030."
VT,"9 V.S.A. §§ 2415a–2415k (2026 Act No. 145, S.71)",Vermont Data Privacy Act (consumer data privacy; profiling / ADS),enacted; operative 2028-01-01,2026-06-16 (governor signed),2026-06-16 (on passage) with later-operative consumer rights,"2028-01-01 (consumer rights, controller/processor duties, AG enforcement)",Controllers/processors meeting thresholds that determine purposes/means of processing Vermont consumers' personal data. Profiling that produces legal or similarly significant effects (explicitly including insurance) is a covered hook.,"Privacy/ADS: consumer opt-out of profiling for decisions that produce legal or similarly significant effects (provision/denial of financial/lending, housing, insurance, education, employment, health care, criminal justice). Sensitive data includes biometric data.","Express no PRA. GLBA entity/data carve-outs. 8 V.S.A. part 3 insurers among entity carve-outs. Other VDPA exemptions in the act (HIPAA, government, etc. — see enrolled text).",Attorney General only,none — act expressly provides no private right of action,none as PRA. AG civil penalties under Consumer Protection Act (dollar amounts not restated in Act 145),AG 60-day cure 2028-01-01 through 2029-06-30,http://legislature.vermont.gov/Documents/2026/Docs/ACTS/ACT145/ACT145%20As%20Enacted.pdf,silent,n/a (no PRA),silent,silent,AG 60-day cure window 2028-01-01–2029-06-30,Vermont consumers; controller thresholds,silent,silent,silent,n/a (profiling legal-effect category includes insurance; 8 V.S.A. part 3 insurers + GLBA carved out),"35,000 Vermont consumers (excluding payment-transaction-only) or 3,000 consumers' sensitive data or sale of 3,000 consumers' personal data",operative 2028-01-01; not a general retroactivity clause,silent,AG 60-day cure through 2029-06-30,silent,civil-only (AG CPA),silent,silent,Profiling / ADS opt-out; biometric data is sensitive. Act does not create a general AI definition beyond privacy/profiling terms.,data protection assessments as provided in the act (discoverability vs AG — see enrolled; silent here if unsaid),silent,silent,2026-09-02,"Act 145 (S.71, signed 16 Jun 2026) enacts the Vermont Data Privacy Act, operative 1 Jan 2028. Profiling opt-out covers decisions with legal or similarly significant effects, expressly including insurance. Thresholds: 35k consumers / 3k sensitive / 3k sold. AG-only enforcement with 60-day cure through 30 Jun 2029. Express no PRA. 8 V.S.A. part 3 insurers and GLBA entities/data carved out. Biometrics are sensitive data; no BIPA-style PRA."
VT,"18 V.S.A. § 7115 (2026 Act No. 156, H.816)",Independent AI-enabled mental-health services prohibited,in force,2026-06-17 (governor signed),2026-06-17 (on passage),same,Person offering or providing mental-health services by means of an AI system independently of a licensed professional,Health/AI: no independent AI mental-health services. Violation is a Consumer Protection Act violation; private remedy under 9 V.S.A. § 2461(b).,HIPAA/FDA-regulated tools if a licensed professional reviews; other carve-outs as in enrolled § 7115,AG (CPA) and consumer PRA under 9 V.S.A. § 2461(b),PRA via 9 V.S.A. § 2461(b) (damages or consideration paid + fees + exemplary ≤3× consideration),no liquidated floor independent of § 2461(b) (damages or consideration; exemplary ≤3× consideration),none in § 7115,http://legislature.vermont.gov/Documents/2026/Docs/ACTS/ACT156/ACT156%20As%20Enacted.pdf,silent,silent,yes (9 V.S.A. § 2461(b) fees),silent,silent,silent,silent,silent,silent,n/a,none,silent,silent,silent,silent,civil (CPA + PRA); silent on separate crime in § 7115,silent,silent,AI-enabled independent mental-health services (see enrolled definition in Act 156),silent,silent,silent,2026-09-02,"Act 156 (H.816, signed 17 Jun 2026, on passage) adds 18 V.S.A. § 7115 barring independent AI mental-health services. Violation is a CPA violation with private suit under 9 V.S.A. § 2461(b) (damages or consideration paid, attorney's fees, exemplary up to 3× consideration). HIPAA/FDA tools may be used if a professional reviews."
NM,"NMSA 1978 § 1-19-26.4 (Laws 2024, ch. 57, HB 182 § 2)",Campaign Reporting Act — artificial intelligence / deceptive-media advertisement disclaimer,in force,2024-03-05 (governor signed),2024-05-15 (no emergency clause in enrolled HB 182; 90 days after 2024 session adjournment),same as effective,"Person that publishes, distributes, or disseminates a campaign advertisement that includes deceptive media generated by AI",Election: AI/deceptive-media ad disclaimer. Companion § 1-19-26.8 is a separate row.,"As in HB 182 / § 1-19-26.4 (news, satire, and similar if stated in enrolled text — confirm compiled). Disclaimer compliance is the statutory path.",Campaign Reporting Act public penalties via § 1-19-34.6 (imported; not restated in HB 182),none in § 1-19-26.4 (disclaimer/CRA penalties),"none as PRA. Public penalties under § 1-19-34.6: up to $1,000 per violation, $20,000 cap (imported, not restated in HB 182)",none in HB 182,https://www.nmlegis.gov/Sessions/24%20Regular/final/HB0182.pdf,silent,n/a (no PRA),silent,silent,silent,silent,silent,silent,silent,n/a,none,no emergency; treat 2024-05-15 — not a general retroactivity clause,silent,silent,silent,civil CRA penalties for this section; companion 26.8 has crime,silent,silent,"AI: machine or computer system generating synthetic image, video, or audio (HB 182). Deceptive media as defined in the act.",silent,silent,silent,2026-09-02,"HB 182 (Laws 2024, ch. 57, signed 5 Mar 2024) adds NMSA § 1-19-26.4 requiring a disclaimer on campaign advertisements that include AI-generated deceptive media. Enrolled PDF has no emergency clause; treat effective 15 May 2024. Public penalties come from existing CRA § 1-19-34.6 (up to $1,000/violation, $20,000 cap) — imported, not restated in HB 182. No PRA in this section."
NM,"NMSA 1978 § 1-19-26.8 (Laws 2024, ch. 57, HB 182 § 3)",Distribution of materially deceptive media (election),in force,2024-03-05 (governor signed),2024-05-15 (no emergency clause; 90 days after adjournment),same,"Person who distributes materially deceptive media within 90 days of an election with intent to mislead, unless the statutory disclaimer appears",Election deepfake: AI-produced false conduct/speech without consent. Injunction + crime.,Disclaimer compliance; other exceptions as in enrolled HB 182,"AG, district attorney, depicted person, candidate, voter organization (injunction). Prosecuting authority for the crime.","PAG — injunction by AG, DA, depicted, candidate, or voter organization. No liquidated damages PRA; other damages not precluded by the act",none as liquidated PRA,none in HB 182,https://www.nmlegis.gov/Sessions/24%20Regular/final/HB0182.pdf,silent,silent,silent,silent,silent,within 90 days of an election (New Mexico Campaign Reporting Act context),silent,silent,silent,n/a,none,silent,silent,silent,silent,also crime: first violation misdemeanor; subsequent 4th-degree felony,silent,silent,"Materially deceptive media: AI-produced false conduct or speech, no consent (HB 182). AI: machine/computer system generating synthetic image/video/audio.",silent,silent,silent,2026-09-02,"HB 182 § 3 (NMSA § 1-19-26.8) bars distributing materially deceptive media (AI-produced false conduct/speech without consent) within 90 days of an election with intent to mislead unless the disclaimer appears. AG, DA, depicted person, candidate, or voter organization may seek an injunction. First offense misdemeanor; subsequent 4th-degree felony. No liquidated PRA; other damages not precluded."
MT,MCA §§ 30-14-2801–2820 (Montana Consumer Data Privacy Act; 2023 ch. 681; amended SB 297 / 2025 ch. 567),Montana Consumer Data Privacy Act (profiling / ADS),in force (original 2024-10-01; SB 297 amendments 2025-10-01),2023-05-19 (ch. 681 signed; confirm exact day vs chapter); SB 297 2025 chapter 567,2024-10-01 (original MCDPA); SB 297 amendments 2025-10-01,same,Controllers/processors meeting thresholds that process personal data of Montana consumers. Profiling that produces legal or similarly significant effects (including insurance) is a covered hook.,"Privacy/ADS: consumer opt-out of profiling for decisions producing legal or similarly significant effects, including insurance. Biometric data is sensitive.","Insurer/producer/TPA exempt § 30-14-2804(1)(h). Other MCDPA exemptions (GLBA, government, etc.). Express no PRA.","Attorney General. Civil penalty ≤$7,500 per violation after § 30-14-2817(3) process",none — no PRA,"none as PRA. AG ≤$7,500 per violation",as provided in § 30-14-2817(3) (AG notice/cure process),https://leg.mt.gov/bills/mca/title_0300/chapter_0140/part_0280/sections_index.html,silent,n/a (no PRA),silent,silent,AG process in § 30-14-2817(3),silent,silent,silent,silent,n/a (profiling legal-effect category includes insurance; insurer/producer/TPA exempt),"25,000 consumers, or 15,000 consumers and 25% of revenue from sale of personal data (as in MCDPA)",silent,silent,silent,silent,civil-only (AG),silent,silent,Profiling / ADS opt-out; biometric data is sensitive. No general AI definition in these sections.,silent,silent,silent,2026-09-02,"MCDPA (2023 ch. 681, in force 1 Oct 2024; SB 297 / 2025 ch. 567 amendments 1 Oct 2025) gives consumers an opt-out of profiling for legal or similarly significant effects, including insurance. Insurers/producers/TPAs are exempt. AG-only; ≤$7,500 per violation after the statutory process. No PRA. Thresholds 25k consumers or 15k plus 25% sale revenue. Biometrics are sensitive; no BIPA-style PRA."
MT,MCA §§ 2-10-201–207 (Right to Compute Act; SB 212 / 2025 ch. 150),Right to Compute Act,in force,2025-04-17 (governor signed),2025-04-17 (immediate / on passage as enrolled),same,State and political subdivisions restricting lawful computational operations (right to compute),"Government: limits on state/local restrictions of lawful computing, including AI-related compute as framed in the act.",As in §§ 2-10-201–207 (public-health/safety and other statutory limits — see compiled),none isolated as a penalty path in these sections,none isolated as a PRA in these sections,none (no PRA isolated),none,https://archive.legmt.gov/bills/2025/billhtml/SB0212.htm,silent,n/a (no PRA isolated),silent,silent,silent,silent,silent,silent,silent,n/a,none,silent,silent,silent,silent,civil-only / no penalty isolated,silent,silent,Right to compute / computational operations; further AI definition in § 2-10-203 not fully extracted,silent,silent,silent,2026-09-02,"SB 212 (2025 ch. 150, signed 17 Apr 2025, immediate) enacts the Right to Compute Act, MCA §§ 2-10-201–207, limiting state and local restrictions on lawful computational operations. No PRA or civil-penalty path isolated in these sections."
MT,MCA §§ 2-21-101–104 (Government AI; HB 178 / 2025 ch. 427),State government artificial intelligence,in force (effective date of 101–104 unconfirmed; Montana default 2025-10-01 treated as hole),2025-05-05 (governor signed),treat 2025-10-01 default (unconfirmed in isolated sections),same (unconfirmed),"State government AI use affecting rights, duties, or privileges",Government use: human review if AI affects rights/duties/privileges. Four-section chapter.,State-government scope,none isolated in §§ 2-21-101–104,none in the four sections,none (no PRA),none,https://leg.mt.gov/bills/mca/title_0020/chapter_0210/part_0010/sections_index.html,silent,n/a (no PRA),silent,silent,silent,silent,silent,silent,silent,n/a,none,silent,silent,silent,silent,civil-only / no penalty isolated,silent,silent,Government AI as used in ch. 2-21 (definition not fully extracted),silent,silent,silent,2026-09-02,"HB 178 (2025 ch. 427, signed 5 May 2025) adds MCA §§ 2-21-101–104 on state government AI, including human review when AI affects rights, duties, or privileges. No penalty or PRA in the four sections. Effective date of 101–104 unconfirmed; Montana default Oct 1 is a hole."
MT,MCA §§ 13-35-801–804 (SB 25 / 2025 ch. 541),Election deepfakes / synthetic media,in force (effective date of 801–804 unconfirmed; default 2025-10-01 is a hole),2025-05-08 (governor signed),unconfirmed (treat Montana default 2025-10-01 as hole),same (unconfirmed),Person distributing election deepfakes/synthetic media within 60 days of the start of voting,"Election deepfake. Candidate/party PAG: injunction, proved actual damages + punitive ≤$10,000, mandatory plaintiff fees. COPP + 13-37-128. Also crime.",As in §§ 13-35-801–804 (defs not fully extracted),Commissioner of Political Practices (13-37-128 mapping is a hole). Candidate/political party PAG. Prosecuting authority for the crime.,"PAG — candidate or political party: injunction, proved actual + punitive ≤$10,000, mandatory plaintiff attorney's fees. Class/collective silent.","no liquidated floor; punitive ≤$10,000 plus proved actual",none isolated,https://archive.legmt.gov/content/Sessions/69th/Contractor_index/CH0541.pdf,silent,silent,yes (mandatory plaintiff fees),silent,silent,within 60 days of the start of voting,silent,silent,silent,n/a,none,silent,silent,silent,silent,also crime: 2nd-offense misdemeanor / 3rd-offense felony (as enrolled),silent,silent,Election deepfake/synthetic media definitions in § 13-35-801 not fully extracted,silent,silent,silent,2026-09-02,"SB 25 (2025 ch. 541, signed 8 May 2025) adds MCA §§ 13-35-801–804 on election deepfakes within 60 days of the start of voting. Candidate or party may seek injunction, proved actual damages plus punitive up to $10,000, and mandatory plaintiff fees. COPP/13-37-128 path. Crime: 2nd misdemeanor / 3rd felony. Effective date of 801–804 unconfirmed."
MT,MCA § 45-5-640 (HB 514 / 2025 ch. 686; SB 413 companion),Explicit synthetic media,in force (effective date unconfirmed; default 2025-10-01 is a hole),2025 (ch. 686),unconfirmed (Montana default 2025-10-01 hole),same (unconfirmed),Person creating or distributing explicit synthetic media as defined in § 45-5-640,Intimate/explicit synthetic media. Crime-only as compiled.,As in § 45-5-640,Prosecuting authority,none isolated as PRA,"none (no PRA isolated). Offense: first ≤$1,000 / 1 year; subsequent ≤$10,000 / 5 years",none,https://leg.mt.gov/bills/mca/title_0450/chapter_0050/part_0060/section_0400/0450-0050-0060-0400.html,silent,n/a (no PRA isolated),silent,silent,silent,silent,silent,silent,silent,n/a,none,silent,silent,silent,silent,crime-only as compiled,silent,silent,Explicit synthetic media as defined in § 45-5-640 (AI/computer-generated — confirm compiled definition),silent,silent,silent,2026-09-02,"§ 45-5-640 (HB 514 / 2025 ch. 686; SB 413 companion) is compiled as a crime-only explicit synthetic-media offense. First violation ≤$1,000 / 1 year; subsequent ≤$10,000 / 5 years. No PRA isolated. Effective date unconfirmed (default Oct 1 hole)."
MT,HB 513 / 2025 ch. 685 (digital replica of name/voice/likeness),"Digital replicas — name, voice, likeness",enacted; operative 2026-01-01,2025 (ch. 685),2026-01-01 (operative as enrolled),2026-01-01,"Person using a digital replica of an individual's name, voice, or likeness as provided in the act",Personality/digital replica. PRA: actual damages plus profits. No liquidated floor in enrolled PDF (ignore secondary $50k reports).,"As in enrolled CH0685 (news, commentary, and similar if stated)",Depicted individual (PRA),PRA — actual + profits; no liquidated floor in enrolled PDF,none as liquidated floor in enrolled PDF,none isolated,https://archive.legmt.gov/content/Sessions/69th/Contractor_index/CH0685.pdf,silent,silent,silent,silent,silent,resident / domicile-at-death,silent,silent,silent,n/a,none,operative 2026-01-01 — not a general retroactivity clause,4-year from discovery,silent,silent,civil PRA as enrolled (crime companion is separate § 45-5-640),silent,silent,"Digital replica of name, voice, or likeness (see enrolled CH0685)",silent,silent,silent,2026-09-02,"HB 513 (2025 ch. 685), operative 1 Jan 2026, creates a digital-replica right in name, voice, and likeness. PRA is actual damages plus profits. Enrolled PDF has no liquidated floor (do not use secondary $50k figures). 4-year discovery limitations period. Resident / domicile-at-death nexus."
ID,Idaho Code § 67-6628A (HB 664 / 2024 ch. 172),FAIR Elections — synthetic media in campaigns,in force,2024-03-25 (emergency),2024-03-25 (emergency),same,Person distributing campaign synthetic media as defined in § 67-6628A,Election synthetic media. Candidate injunction + general/special damages; disclosure is an affirmative defense; prevailing-party fees may be awarded.,Disclosure affirmative defense; other exceptions as in § 67-6628A,Candidate PAG; prosecuting path silent if unsaid in isolated text,PAG — candidate injunction + general/special damages. Class/collective silent.,none as liquidated floor (general/special damages),none isolated,https://legislature.idaho.gov/sessioninfo/2024/legislation/H0664/,silent,silent,prevailing-party fees may,silent,silent,silent,silent,silent,silent,n/a,none,silent,silent,silent,silent,civil PAG as isolated (crime overlay silent if unsaid),silent,silent,Synthetic media as defined in § 67-6628A (FAIR Elections),silent,silent,silent,2026-09-02,"HB 664 (2024 ch. 172, emergency 25 Mar 2024) adds Idaho Code § 67-6628A (FAIR Elections). Candidate may seek injunction and general/special damages for campaign synthetic media. Disclosure is an affirmative defense. Prevailing-party fees may be awarded. Class/collective silent."
ID,Idaho Code § 18-6606 (HB 575 / 2024 ch. 105),Explicit synthetic images,in force,2024 (ch. 105),2024-07-01,same,Person who creates or distributes explicit synthetic images as defined in § 18-6606,Intimate/explicit synthetic. Crime. No PRA.,As in § 18-6606,Prosecuting authority,none,"none (no PRA). Misdemeanor; felony if prior within 5 years: 10 years / $25,000",none,https://legislature.idaho.gov/sessioninfo/2024/legislation/H0575/,silent,n/a (no PRA),silent,silent,silent,silent,silent,silent,silent,n/a,none,silent,silent,silent,silent,crime-only,silent,silent,Explicit synthetic as defined in § 18-6606,silent,silent,silent,2026-09-02,"HB 575 (2024 ch. 105, effective 1 Jul 2024) adds § 18-6606 on explicit synthetic images. Misdemeanor default; felony if a prior within 5 years (10 years / $25,000). No PRA."
ID,Idaho Code § 18-1507C (HB 465 / 2024 ch. 194),Computer-generated CSAM (GenAI/ML even if no real child),in force,2024 (ch. 194),2024-07-01,same,Person possessing/creating/distributing computer-generated CSAM as defined in § 18-1507C,CSAM: generative AI/ML images even if no real child. Felony. No PRA.,As in § 18-1507C,Prosecuting authority,none,"none (no PRA). Felony 5 years / $5,000",none,https://legislature.idaho.gov/sessioninfo/2024/legislation/H0465/,silent,n/a (no PRA),silent,silent,silent,silent,silent,silent,silent,n/a,none,silent,silent,silent,silent,crime-only,silent,silent,Generative AI / machine learning CSAM even if no real child (§ 18-1507C),silent,silent,silent,2026-09-02,"HB 465 (2024 ch. 194, effective 1 Jul 2024) adds § 18-1507C covering generative-AI/ML CSAM even if no real child is depicted. Felony: 5 years / $5,000. No PRA."
ID,Idaho Code §§ 48-2101–2105 (also compiled as 48-2201–2205 in some PDFs; SB 1297 / 2026 ch. 249),Conversational AI Safety Act,enacted; applies 2027-07-01,2026-03-31 (governor signed),signed 2026-03-31; duties apply 2027-07-01,2027-07-01,Providers of conversational AI systems as defined in the act (broad B2B/customer-service carve-outs),"Consumer-facing conversational AI safety duties. AG civil penalty $1,000 per violation capped at $500,000 or actual damages, whichever greater. Express no PRA.",Broad B2B and customer-service carve-outs. Express no PRA.,Attorney General,none — express no PRA,"none as PRA. AG $1,000/violation cap $500,000 or actual, whichever greater",silent if unsaid in isolated enrolled text,https://legislature.idaho.gov/sessioninfo/2026/legislation/S1297/,silent,n/a (no PRA),silent,silent,silent,silent,silent,silent,silent,n/a,none isolated beyond covered conversational AI (carve-outs do the work),applies 2027-07-01 — not a general retroactivity clause,silent,silent,silent,civil-only (AG),silent,silent,Conversational AI as defined in SB 1297 / ch. 249,silent,silent,silent,2026-09-02,"SB 1297 (2026 ch. 249, signed 31 Mar 2026) creates the Conversational AI Safety Act, applying 1 Jul 2027. AG may recover $1,000 per violation capped at $500,000 or actual damages, whichever is greater. Express no PRA. Broad B2B/customer-service carve-outs. Compiled numbering appears as both 48-2101–2105 and 48-2201–2205 in sources — hole on official cite."
WY,"W.S. §§ 1-1-143, 6-1-206, 6-4-307, 6-4-308, 6-4-303 (as amended), 6-4-701 (HB 0102 / HEA 32 / 2026 ch. 91)",AI developer immunity; AI not a defense; synthetic sexual material; AI-CSAM; self-harm AI systems,enacted; effective 2026-07-01,2026-03-07 (governor signed),2026-07-01,same,AI developers (civil immunity in 1-1-143); criminal defendants (AI not a defense); persons creating/distributing synthetic sexual material and AI-CSAM; operators of self-harm AI systems (6-4-701),"Mixed: civil immunity for developers; AI not a criminal defense; felony synthetic sexual material (10 years / $10,000); AI-CSAM amendments; self-harm AI systems. Title mentions causes of action; enrolled civil text is immunity, not a victim liquidated PRA.",Developer immunity as in 1-1-143 (see enrolled). 2024 SF 51 election deepfake died — not in this act.,"Prosecuting authority for Title 6 offenses. 1-1-143 is immunity (defense), not an enforcer grant.",none as victim liquidated PRA in enrolled HB 0102; 1-1-143 is developer immunity,"none as victim liquidated PRA. Felony synthetic sexual material: 10 years / $10,000",none,https://wyoleg.gov/2026/Enroll/HB0102.pdf,silent,n/a (no victim PRA in enrolled civil text),silent,silent,silent,silent,silent,silent,silent,n/a,none,effective 2026-07-01 — not a general retroactivity clause,silent,silent,silent,Title 6 crimes plus civil immunity section,silent,silent,Artificial intelligence as defined in enrolled HB 0102 (developer immunity / not-a-defense / CSAM / self-harm systems),silent,silent,silent,2026-09-02,"HB 0102 (HEA 32 / 2026 ch. 91, signed 7 Mar 2026, effective 1 Jul 2026) creates W.S. 1-1-143 (developer immunity), 6-1-206 (AI not a defense), 6-4-307 (synthetic sexual material felony 10 yr/$10k), AI-CSAM in 6-4-308/6-4-303, and 6-4-701 (self-harm AI systems). Despite the bill title, enrolled civil text is immunity, not a victim liquidated PRA. No election-deepfake statute (2024 SF 51 died)."
ND,HB 1167 (new 16.1-10 section; secondary compiled cite sometimes given as § 16.1-10-04.2 — unconfirmed),Political AI impersonation disclaimer,enacted (compiled cite/penalty/effective unconfirmed),2025-04-10/11 (governor signed),treat 2025-08-01 default (unconfirmed vs enrolled),same (unconfirmed),Person distributing political AI impersonation content as in engrossed HB 1167,Election: political AI impersonation disclaimer. Engrossed bill has no PRA and no penalties isolated.,As in engrossed 25-0529-03000,none isolated in engrossed (no penalty path extracted),none in engrossed,none (no PRA/penalties in engrossed),none,https://ndlegis.gov/assembly/69-2025/regular/documents/25-0529-03000.pdf,silent,n/a (no PRA),silent,silent,silent,silent,silent,silent,silent,n/a,none,silent,silent,silent,silent,silent in engrossed (no penalties isolated),silent,silent,Political AI impersonation as in engrossed HB 1167,silent,silent,silent,2026-09-02,HB 1167 (signed Apr 2025) requires a disclaimer for political AI impersonation. Engrossed 25-0529-03000 has no PRA and no penalties. Compiled section number (sometimes cited as § 16.1-10-04.2) and exact effective date unconfirmed; treat North Dakota default 1 Aug 2025 as a hole.
ND,"N.D.C.C. §§ 12.1-27.1-01(13), 12.1-27.1-03.3 (HB 1351 / 2025)",Computer-generated sexually expressive images,enacted (effective date treat 2025-08-01 default — confirm vs enrolled),2025-04-23 (governor signed),treat 2025-08-01 default (unconfirmed vs enrolled),same (unconfirmed),Person creating/distributing computer-generated sexually expressive images as defined,"Intimate/computer-generated images. Crime + PRA: greater of actual (incl. emotional distress) or statutory ≤$10,000 per defendant + gains + exemplary + fees.","As in HB 1351 / §§ 12.1-27.1-01(13), 12.1-27.1-03.3",Prosecuting authority; depicted plaintiff (PRA),"PRA — greater of actual (incl. ED) or statutory ≤$10,000/defendant + gains + exemplary + fees","statutory ≤$10,000 per defendant (or actual if greater) + gains + exemplary",none isolated,https://ndlegis.gov/assembly/69-2025/regular/bill-index/bi1351.html,silent,silent,yes (fees in PRA),silent,silent,silent,silent,silent,silent,n/a,none,silent,silent,silent,silent,also crime,silent,silent,Computer-generated sexually expressive images (§ 12.1-27.1-01(13)),silent,silent,silent,2026-09-02,"HB 1351 (signed 23 Apr 2025) amends §§ 12.1-27.1-01(13) and 12.1-27.1-03.3 for computer-generated sexually expressive images. Crime plus PRA: greater of actual damages (including emotional distress) or statutory up to $10,000 per defendant, plus gains, exemplary damages, and fees. Effective date treated as default 1 Aug 2025 (confirm vs enrolled)."
ND,"N.D.C.C. §§ 12.1-27.2-01, 12.1-27.2-04.1 (HB 1386 / enrolled 25.1064.05000)",Computer-generated CSAM possession,enacted (effective date treat 2025-08-01 default — confirm vs enrolled),2025 (enrolled 25.1064.05000),treat 2025-08-01 default (unconfirmed vs enrolled),same (unconfirmed),Person possessing computer-generated CSAM as defined,CSAM possession of computer-generated images. Class C felony; Class B with aggravators. No PRA.,As in enrolled HB 1386,Prosecuting authority,none,none (no PRA),none,https://ndlegis.gov/assembly/69-2025/regular/documents/25-1064-05000.pdf,silent,n/a (no PRA),silent,silent,silent,silent,silent,silent,silent,n/a,none,silent,silent,silent,silent,crime-only,silent,silent,"Computer-generated CSAM as in §§ 12.1-27.2-01, 12.1-27.2-04.1",silent,silent,silent,2026-09-02,HB 1386 (enrolled 25.1064.05000) covers possession of computer-generated CSAM. Class C felony; Class B with aggravators. No PRA. Effective date treated as default 1 Aug 2025 (confirm vs enrolled).
ND,N.D.C.C. ch. 26.1-36.12 (SB 2280 / 2025),Insurance prior authorization — adverse determinations by licensed physician or pharmacist,enacted; effective 2026-01-01,2025-04 (governor signed),2026-01-01,same,Insurers making prior-authorization adverse determinations under ch. 26.1-36.12,Insurance-code: adverse determinations must be made by a licensed physician or pharmacist. AI unsaid in the chapter.,As in ch. 26.1-36.12,Insurance Department / chapter remedies; no PRA isolated,none isolated,none (no PRA),none isolated,https://ndlegis.gov/cencode/t26-1c36-12.pdf,silent,n/a (no PRA),silent,silent,silent,silent,silent,silent,silent,yes,none,silent,silent,silent,silent,civil insurance-code,silent,silent,AI unsaid. Human licensed physician or pharmacist must make adverse determinations.,silent,silent,silent,2026-09-02,"SB 2280 (2025) enacts N.D.C.C. ch. 26.1-36.12, effective 1 Jan 2026. Prior-authorization adverse determinations must be made by a licensed physician or pharmacist. AI is unsaid. insurance_situs=yes. No PRA isolated. HB 1320 fraudulent deepfakes failed — not a row."
NE,"Neb. Rev. Stat. §§ 87-1101 et seq. (LB 1074, 2024) Data Privacy Act",Nebraska Data Privacy Act (profiling / ADS),in force,2024-04-17,2025-01-01,2025-01-01,"Controllers/processors that conduct business in NE or produce a product/service consumed by NE residents, process or sell personal data, and are not SBA small businesses (except 87-1118 small-business sensitive-data sale)",Consumer opt-out of solely automated profiling in furtherance of a decision that produces a legal or similarly significant effect; data-protection assessments for high-risk profiling; biometric data as sensitive (consent to process; small-business sale consent). No BIPA-style private liquidated damages.,"State/political subdivision; GLBA financial institution, affiliate, or Title V data; HIPAA covered entity/BA; nonprofit; IHE; electric/natural-gas utilities (87-1103(2)). Information exemptions in 87-1104.",Attorney General exclusive (87-1119),none,"AG civil penalty not to exceed $7,500 per violation after cure (87-1124); not a consumer PRA floor",30-day AG written notice/cure before action (87-1122); no sunset in compiled text reviewed,https://nebraskalegislature.gov/laws/statutes.php?statute=87-1103,silent,silent,AG may recover fees/expenses of investigation and action (87-1124),silent,AG 30-day cure (87-1122),conducts business in this state or produces a product or service consumed by residents of this state (87-1103(1)(a)),applies if produces product/service consumed by NE residents (87-1103(1)(a)),silent,silent,n/a — profiling legal-effect category may include insurance-type decisions; GLBA FI/data entity carve-out. Not an insurance-code UR statute.,not a small business under federal Small Business Act as of 2024-01-01 (87-1103(1)(c)),silent,silent,30-day cure; comparable other-law assessments may satisfy,silent,civil-only,silent,silent,"Profiling: any form of solely automated processing of personal data to evaluate/analyze/predict personal aspects (economic situation, health, preferences, interests, reliability, behavior, location, or movements) (87-1102(25))",AG may demand data-protection assessment via CID (87-1121); not a public-discovery clause,silent,silent,2026-09-02,"NDPA (in force 1 Jan 2025) gives NE consumers an opt-out of solely automated profiling that produces legal or similarly significant effects, plus assessments for high-risk profiling. Biometric data is sensitive (consent; no private liquidated BIPA). AG exclusive; $7,500/violation after a standing 30-day cure. GLBA FI/data and HIPAA CE/BA are entity-out. Not insurance-code UR."
NE,"Neb. Rev. Stat. §§ 25-3502–25-3505 (LB 371, 2025) Uniform Civil Remedies for Unauthorized Disclosure of Intimate Images Act (computer-generation amendment)",Intimate-image civil remedies — computer generation / digital manipulation,in force,2025-05-30,unconfirmed — NE default three months after adjournment unless specified; confirm slip effective clause,unconfirmed (treat as in force by 2026-09-02 if default ran; confirm),Person who intentionally discloses or threatens disclosure of a private intimate image,Depicted individual includes computer generation or digital manipulation; private includes images created by computer generation or digital manipulation without consent. Civil PRA for identifiable depicted individual who suffers harm.,25-3504 exceptions (existing uniform-act exemptions; not re-pulled this pass),private plaintiff; public enforcer unsaid in 25-3503,PRA,"presumed damages not to exceed $10,000 per defendant if actual damages hard to quantify (25-3505(a)(1)(B)); plus economic/noneconomic including emotional distress; plus defendant monetary gain",none in 25-3503/3505,https://nebraskalegislature.gov/laws/statutes.php?statute=25-3503,silent,silent,court may award prevailing plaintiff reasonable attorney fees and costs (25-3505(b)),silent,silent,silent in 25-3503,silent,silent,silent,n/a,none,silent,lead: 4 years from discovery under original uniform act / 25-3508 — confirm 25-3508 not amended by LB 371,silent,silent,civil-only (this chapter),silent,silent,no standalone AI definition; computer generation or digital manipulation (25-3503(a)(2)(C)),n/a,silent,silent,2026-09-02,"LB 371 (signed 30 May 2025) amends the uniform intimate-image civil act so identifiable depicted individuals include computer-generated or digitally manipulated images, and private includes those created that way without consent. Prevailing plaintiff: actual or presumed damages up to $10,000/defendant, disgorgement, fees, injunction. Slip PDF TLS-failed this pass; default effective date unconfirmed."
NE,"Ensuring Transparency in Prior Authorization Act (LB 77, 2025) sec. 12 (insurance code; compiled cite unconfirmed — ch. 44)",Prior-authorization utilization review — AI not sole basis,in force (if operative 2026-01-01 as in slip sec. 17 lead),2025-06-04,"unconfirmed — slip sec. 17: secs 1-5, 7-13 operative 2026-01-01 (lead; PDF TLS-failed this pass)",2026-01-01 (lead; confirm slip sec. 17),Utilization review agents (health carriers / prior authorization),"An artificial intelligence-based algorithm shall not be the sole basis of a UR agent decision to deny, delay, or modify health care services based in whole or in part on medical necessity. Disclose AI use to DOI, network providers, enrollees, and public website. DOI may audit automated UM systems.",silent in the AI section snippet,Department of Insurance (audit); other insurance-code penalties unconfirmed this pass,unconfirmed (none in the AI section snippet),none in the AI section snippet,silent,https://nebraskalegislature.gov/FloorDocs/109/PDF/Slip/LB77.pdf,silent,silent,silent,silent,silent,silent,silent,silent,silent,yes,none,silent,silent,silent,silent,civil-only,silent,silent,statute uses artificial intelligence-based algorithm without a standalone definition in the quoted sec. 12,DOI audit of automated UM; not a public assessment,silent,silent,2026-09-02,"Insurance-code. LB 77 (signed 4 Jun 2025) bars AI-based algorithms as the sole basis to deny/delay/modify medical-necessity UR, requires public/provider/enrollee/DOI disclosure of AI use, and authorizes DOI audits of automated UM. Slip PDF TLS-failed; operative date 1 Jan 2026 is from sec. 17 lead. No PRA in the AI section snippet. Compiled section number unconfirmed."
NE,"Conversational Artificial Intelligence Safety Act (LB 525, 2026) secs. 12-18",Conversational AI Safety Act,delayed,2026-04-14,2026-04-14 (bill enacted; chatbot sections delayed),2027-07-01 (sections 12-18),Operators of public conversational AI services (definitions unconfirmed — slip/engrossed PDF TLS-failed),Conversational AI safety duties (disclosure if a reasonable person would think the service is human; crisis protocol; no professional mental/behavioral-health claims; minor protections — details unconfirmed without slip),Agricultural Data Privacy Act portions of the same bill skipped. Other carve-outs unconfirmed.,"unconfirmed (AG exclusive is a secondary lead, not a holding)",unconfirmed,unconfirmed (secondary dollar figures are not holdings),unconfirmed,https://nebraskalegislature.gov/FloorDocs/109/PDF/Engrossed/LB525.pdf,unconfirmed,unconfirmed,unconfirmed,silent,unconfirmed,unconfirmed,unconfirmed,silent,silent,n/a,unconfirmed,silent,silent,unconfirmed,silent,unconfirmed,silent,silent,unconfirmed — slip not retrieved (legislature TLS),unconfirmed,silent,silent,2026-09-02,"Governor signed LB 525 on 14 Apr 2026; Conversational AI Safety Act sections 12-18 operative 1 Jul 2027. Engrossed/slip PDF failed TLS from this host, so duties, AG exclusivity, and penalty dollars are unconfirmed and not taken from firm alerts. Row exists because the act is enacted."
AR,"Ark. Code §§ 4-75-1103, 4-75-1110, 4-75-1112 (Act 159 / HB 1071, 2025) Frank Broyles Publicity Rights Protection Act AI amendments",Publicity rights — AI photograph / voice / likeness,in force,2025-02-25 (APPROVED on act PDF),2025-08-03 (AR default 90th day after 2025-05-05 sine die; no emergency clause on the 3-page act),2025-08-03 (default),"Person making unauthorized commercial use of name, voice, signature, photograph, or likeness","Likeness, photograph, and voice definitions now include generation/simulation through artificial intelligence. Property rights not IP for 47 U.S.C. 230 (4-75-1112(b)).","Existing 4-75-1110 exemptions (news, etc.) not rewritten except actual-knowledge tweak for service providers regarding photograph, voice, or likeness",private plaintiff (4-75-1109),PRA,none in 4-75-1109 — actual damages plus attributable profits; no liquidated floor,none in 4-75-1109,https://arkleg.state.ar.us/Home/FTPDocument?path=%2FACTS%2F2025R%2FPublic%2FACT159.pdf,silent,silent,silent in 4-75-1109,silent,silent,civil action in county where defendant resides or violation occurred (4-75-1109),silent,silent,silent,n/a,none,does not invalidate contracts transferring rights before or after 2016-08-22 (4-75-1112(a)(2)),silent in Act 159,service-provider exemption if no actual knowledge of violating photograph/voice/likeness (4-75-1110 as amended),silent,civil-only (this subchapter),silent,not IP for section 230 (4-75-1112(b)) — not a preemption clause,no standalone AI definition; generation through means of artificial intelligence in likeness/photograph/voice defs,n/a,silent,silent,2026-09-02,"Act 159 (approved 25 Feb 2025) folds AI-generated image/video/3D and AI-simulated voice into the Broyles publicity-rights definitions. Existing PRA: injunction, actual damages, and profits; no statutory floor, no fees in 1109. Default effective about 3 Aug 2025. States the rights are not IP for section 230."
AR,"Ark. Code §§ 5-14-139, 16-118-119 (Act 827 / HB 1529, 2025)",Deepfake visual material of a sexual nature — crime and civil action,in force,2025-04-17,2025-08-03 (default 90 days after sine die; no emergency on act),2025-08-03 (default),Person who knowingly creates or distributes nonconsensual deepfake visual material of an identifiable person; providers/developers of prompt-based image-generation technology used to create it,Crime: create/distribute deepfake visual material of identifiable person in a state of nudity or engaging in sexual conduct without consent. PRA vs creator or vs provider/developer of the image-generation tech. AG civil vs prompt-based image-gen provider/developer lacking reasonable safeguards.,Telecom/information/cable service providers (47 U.S.C. 153) for content provided by another (5-14-139(d)),prosecutors (crime); AG civil vs image-gen providers; injured person PRA,PRA,"none — actual, compensatory, punitive, injunctive, or other appropriate relief (16-118-119(b)(2)); no liquidated floor",none,https://webftp.blr.arkansas.gov/Home/FTPDocument?path=ACTS%2F2025R%2FPublic%2FSearchable%2FACT827.pdf,silent,silent,prevailing plaintiff shall be awarded reasonable attorney fees and costs (16-118-119(b)(3)),silent,silent,silent,silent,silent,silent,n/a,none,silent,silent,ICS/telecom for others content; AG action requires lack of reasonable safeguards on prompt-based image gen,silent,also crime — Class A misdemeanor first; Class D felony subsequent (5-14-139(c)),silent,silent,"Deepfake visual material: photograph/image/video/other visual that appears authentic of an identifiable person and is generated, modified, or adapted using technology to falsely depict appearance, voice, or conduct. AI unsaid in the definition.",n/a,silent,silent,2026-09-02,Act 827 (17 Apr 2025) criminalizes nonconsensual sexual deepfake visuals (A misd / D felony) and creates a PRA for actual/compensatory/punitive damages plus mandatory plaintiff fees against the creator or the image-gen provider/developer. AG may sue prompt-based image-gen providers without reasonable safeguards. Default effective about 3 Aug 2025.
AR,"Ark. Code § 25-1-128 (Act 848 / HB 1958, 2025)",Public-entity AI and automated-decision-tool policy,in force,2025-04-17,2025-08-03 (default),2025-08-03 (default),"Public entities (listed state departments, political subdivisions, public schools, IHEs, constitutional officers, highway/game commissions, etc.)",Must adopt an AI and automated-decision-tool policy defining authorized use and requiring an authorized human employee/designee to make any final employment decision regardless of AI/ADT recommendation; training; public availability of state-entity policies; disciplinary procedure.,Cybersecurity-policy training carve for political subdivisions only (not the AI policy duty). No private-sector coverage.,unconfirmed — internal disciplinary procedure; no PRA/AG clause in the amended subsections,none in the amended text,none,none,https://arkleg.state.ar.us/Home/FTPDocument?path=%2FACTS%2F2025R%2FPublic%2FACT848.pdf,silent,silent,silent,silent,silent,public entity as defined (taxpayer-funded instrumentalities listed),n/a (Arkansas public entities),silent,silent,n/a,none,silent,silent,silent,silent,civil-only / internal discipline,silent,silent,"AI: machine-based system that can, based on a given set of human-defined objectives, make predictions, recommendations, or decisions influencing a real or virtual environment. Automated decision tool: system/service using AI specifically developed and marketed, or specifically modified, to make or be a controlling factor in making consequential decisions.",n/a,silent,silent,2026-09-02,"Act 848 (17 Apr 2025) requires listed public entities to adopt AI/ADT use policies with a human making every final employment decision, train staff, and (for state entities) make the policy available on request. Government-use only. No PRA. Default effective about 3 Aug 2025."
AR,"Ark. Code §§ 5-27-302, 5-27-304, 5-27-601, 5-27-602, 5-27-603, 5-27-609 (Act 977 / HB 1877, 2025)",Computer-generated images of a child — AI definition in exploitation offenses,in force,2025-04-22,2025-08-03 (default),2025-08-03 (default),"Persons who advertise, sell, distribute, possess, or view matter depicting a child in sexually explicit conduct, including computer-generated images indistinguishable from a child","Computer generated / computer generated image means produced, adapted, or modified in whole or in part through AI. Offenses cover images indistinguishable from an actual child. Crime track.",Law-enforcement investigation possession/viewing; ICS (47 U.S.C. 230) for others content and for good-faith adversarial testing with an AI developer to prevent prohibited generation (not personal/exploitative testing),criminal prosecution,none in Act 977,none (crime),none,https://arkleg.state.ar.us/Home/FTPDocument?path=%2FACTS%2F2025R%2FPublic%2FACT977.pdf,n/a,n/a,n/a,silent,n/a,silent,silent,silent,silent,n/a,none,silent,silent,ICS adversarial-testing exception,silent,crime-only,silent,silent,"Computer generated means produced, adapted, or modified, in whole or in part, through the use of artificial intelligence. Indistinguishable: ordinary person would conclude the medium depicts an actual child; excludes drawing/cartoon/sculpture/painting.",n/a,silent,silent,2026-09-02,Act 977 (22 Apr 2025) defines computer-generated prohibited child imagery as AI-produced/adapted/modified and extends related offenses to indistinguishable synthetic images of a child. ICS red-team carve-out. Crime only. Default effective about 3 Aug 2025.
HI,"Haw. Rev. Stat. §§ 11-303, 11-304 (Act 191 / SB 2687, 2024)",Election materially deceptive media,in force,2024-07-03 (lead — GM 1292; confirm calendar day),upon approval,upon approval,"Person who recklessly distributes, or agrees to distribute, materially deceptive media in the even-year February-through-general-election window","Ban on reckless distribution of AI/GAN/digital-tech election advertisements that falsely depict speech/conduct, in reckless disregard of harm to candidate reputation/electoral prospects or changing voting behavior. Disclaimer safe harbor. Crime plus PRA for general/special damages and injunction.",Broadcaster/cable/DTH unless involved in creation; ICS/cloud/streaming for others content unless knowledge it is deceptive and intent to deceive a Hawaii resident; qualifying disclaimer plus original-source citation for edited media,"Campaign Spending Commission (fine or criminal referral); AG, CSC, county attorney/prosecutor (injunction); depicted individual/candidate/voter org (damages and injunction)",PRA (depicted individual including candidate; voter-interest organization) — general or special damages; also injunction PAG,"none for the underlying violation; civil fine not more than $1,000/day for violating a court order (11-304(b))",none,https://www.capitol.hawaii.gov/hrscurrent/Vol01_Ch0001-0042F/HRS0011/HRS_0011-0303.htm,silent,silent,court may award a prevailing party reasonable attorney fees and costs on damages action; may award fees to non-government plaintiff awarded permanent injunction,silent,disclaimer safe harbor (11-303(c)),intent to deceive a resident of the State is an ICS knowledge qualifier; distribution during HI election window,silent beyond ICS knowledge/intent-to-deceive-resident clause,silent,silent,n/a,none,silent,silent,qualifying disclaimer; news/broadcaster/ICS carves,silent,also crime — petty misdemeanor; misdemeanor within 5 years of prior; class C felony if intent to cause violence or bodily harm (11-303(d)-(f)),silent (secondary reports of litigation are not holdings),silent,"AI: machine-based system that can, for a given set of human-defined objectives, make predictions, recommendations, or decisions influencing real or virtual environments, using machine and human-based inputs to perceive, model, and infer. Materially deceptive media must be created by GAN/ML/CNN, AI, or digital technology.",n/a,silent,silent,2026-09-02,"Act 191 (2024, upon approval) bans reckless distribution of AI/GAN election deepfake ads from the first working day of February in even years through the general election, with a disclaimer safe harbor. Petty misd / misd / C felony. Depicted individuals, candidates, and voter orgs may sue for general/special damages and injunction; $1,000/day only for violating a court order. Fees discretionary."
HI,"Haw. Rev. Stat. new chapter (Act 247 / HB 2137 HD3 SD2 CD1, 2026) — compiled chapter number unconfirmed",Realistic digital imitations — civil deepfake,in force,2026-07-14 (GM 1349 / Act 247),2026-07-14 (upon approval),2026-07-14,Person who knowingly publishes a realistic AI-generated digital imitation of an identifiable individual without consent,"Unlawful to knowingly publish a realistic digital imitation used in an advertisement, causing harm, or used to commit fraud/defamation/harassment/other crime. PRA: injunction; up to $25,000 per advertisement or actual damages (reputational/emotional); punitive if malice; fees/costs. AG may seek injunction for broad public interest/widespread harm.",Parody/satire/commentary/criticism/scholarship/political or educational expression; news illustration; documentary/historical/biographical (incl. some fictionalization); ads for those works if relevant. Medium disseminating third-party content for the dissemination role only. Section 230 savings.,depicted individual or estate (10 years after death); AG for equitable relief in broad-harm cases,PRA,"up to $25,000 per advertisement or actual damages (plaintiff election in CD1 sec. -4(b)(2))",none,https://data.capitol.hawaii.gov/sessions/session2026/bills/HB2137_CD1_.HTM,silent,silent,reasonable attorneys fees and court costs to the individual/estate (CD1 sec. -4(b)(4)),silent,silent,silent beyond publication of imitation of an individual (CD1 does not state a HI-resident limit),silent,silent,silent,n/a,none,does not affect rights/duties/penalties/proceedings begun before effective date (Act sec. 4),does not extend chapter 657; estate may sue up to 10 years after death,expressive/news/historical exemptions; distributor medium exemption; section 230,silent,"civil-only (this act); publication used to commit other crimes is an element, not a new crime",silent,applies to fullest extent permitted by federal law; section 230 savings,"AI: machine-based system that can, for human-defined objectives, make predictions/recommendations/decisions influencing real or virtual environments (perceive/model/infer). Digital imitation: highly realistic AI-generated depiction/audio/video derived from identifying characteristics portraying voice/face/likeness in a work in which the individual did not perform or appear. Realistic: so lifelike a reasonable person would believe it authentic.",n/a,silent,silent,2026-09-02,"Act 247 (signed 14 Jul 2026, immediate) creates a civil ban on knowingly publishing nonconsensual realistic AI imitations in ads, causing harm, or used for fraud/defamation/harassment/crime. PRA: injunction, up to $25,000/ad or actuals, punitive for malice, fees. Parody/news/historical and distributor exemptions. Compiled HRS chapter number unconfirmed."
HI,"Haw. Rev. Stat. § 481B-__ (Act 248 / SB 3001 SD2 HD3 CD1, 2026) Artificial Intelligence Disclosure and Safety Act",AI Disclosure and Safety Act — AI companions,in force (duties upon approval; annual reports from 2028-01-01),2026-07-14 (GM 1350 / Act 248),2026-07-14 (upon approval),2026-07-14 (reports begin 2028-01-01),Operator who develops and makes available an AI companion to the public (app stores/search engines that merely provide access are not operators),"If a reasonable person would think the companion is human, clear conspicuous notice it is AI. Heightened minor disclosures (persistent or start-of-session plus hourly). Crisis protocol; no professional MH claims; no engagement-reward tricks or sexual outputs to known minors; annual DOH reports from 2028.",Developer of an AI model not liable for a third party companion built on it. App store/search engine mere access is not operator.,UDAP HRS 480-2 (public); express no PRA,none — nothing in this section shall be interpreted as creating a private right of action to enforce this section or to support a private right of action under any other law,none in Act 248; 480-2 public UDAP penalties not restated here (unconfirmed amounts),none in Act 248,https://data.capitol.hawaii.gov/sessions/session2026/bills/SB3001_CD1_.HTM,n/a (no PRA),n/a,silent in Act 248 (UDAP fee rules unimported),silent,silent,operators of AI companions; CD1 does not add a separate HI-user threshold beyond making available / interacting,silent,silent,silent,n/a,none,does not affect rights/duties/penalties/proceedings begun before effective date,silent,model-developer vs operator split,silent,civil-only (UDAP),silent,silent,"AI: engineered or machine-based system that varies in autonomy and can, for explicit or implicit objectives, infer from input how to generate outputs that can influence physical or virtual environments. AI companion: system using AI/GenAI/emotional-recognition designed to simulate a sustained human-like relationship (retain session prefs; unprompted emotion questions; ongoing personal dialogue).",n/a; annual aggregate reports to DOH Behavioral Health Administration (no user identifiers),silent,annual reports from 2028-01-01; no year-count retention for chats,2026-09-02,"Act 248 (14 Jul 2026, immediate) regulates public AI companions: human-perception disclosure, minor hourly reminders, crisis referrals, no MH-professional claims, minor sexual/engagement limits, DOH reports from 2028. Violations are 480-2 UDAP; express no PRA. Penalty dollars not in the CD1."
RI,"R.I. Gen. Laws § 11-64-3 (P.L. 2025, ch. 429 / S 0136; companion ch. 430 / H 5046)",Unauthorized dissemination of indecent material — digitization,in force,2025-07-02,2025-07-02 (upon passage),2025-07-02,"Person who intentionally disseminates, publishes, or sells a sexually explicit visual image of an identifiable person 18 or older, including images created by a digital device or altered by digitization","Crime covers images created by a digital device or altered by digitization, made/obtained under privacy circumstances or created without consent, disseminated without consent, with knowledge/reckless disregard of harm or intent to harass.",Voluntary public/commercial exposure; public-interest/scientific/educational; lawful public proceeding; law enforcement/legal/medical; public-concern/newsworthy/public-figure. ICS/information/telecom for others content. No sex-offender registration for this section.,criminal prosecution,none in ch. 429 as enrolled,"criminal fines: up to $1,000 first (misd); up to $3,000 subsequent (felony); threat/extortion felonies up to $5,000 — not a civil PRA floor",none,https://webserver.rilegislature.gov/PublicLaws/law25/law25429.htm,n/a,n/a,n/a,silent,n/a,offense committed in RI if any element or any harm to the depicted person occurs in this state (11-64-3(h)),yes if harm in RI or an element in RI,silent,silent,n/a,depicted person 18+,silent,silent,ICS/telecom; public-concern,silent,"crime-only — misd 1 year/$1,000 first; felony 3 years/$3,000 subsequent; threat/pay-to-remove felonies 5 years/$5,000",silent,silent,no AI definition; covers image created by a digital device or altered by digitization,n/a,silent,silent,2026-09-02,"P.L. 2025 ch. 429 (2 Jul 2025, immediate) expands RI indecent-image crime to digital-device-created and digitized/altered images of identifiable adults, with a harm-in-state nexus. Crime only; ICS carve; no PRA in the enrolled chapter."
RI,"R.I. Gen. Laws §§ 17-30-1, 17-30-2 (P.L. 2025, chs. 409 and 410 / H 5872 and S 0816)",Deceptive and fraudulent synthetic media in election communications,in force,2025-07-02,2025-07-02,2025-07-02,"Candidate, authorized campaign committee, PAC, party committee, or independent-expenditure entity","Within 90 days of an election, may not distribute deceptive synthetic media (GAN/digital-tech realistic false image/audio/video of appearance, speech, or conduct) unless it includes a disclosure that it was manipulated or generated by AI.",Disclosure safe harbor with specified size/duration/audio-interval rules. Does not regulate private citizens who are not IE makers (statute lists only political actors). Satire/parody — confirm remaining 17-30-1 subsections.,candidate PRA (injunction and damages). Board of Elections unsaid in 17-30-2.,PRA (candidate only),none — general or special damages; no floor,none,https://webserver.rilegislature.gov/Statutes/TITLE17/17-30/17-30-2.htm,silent,silent,court may award a prevailing party reasonable attorneys fees and costs (17-30-2(b)),silent,"disclosure exception is a safe harbor, not a cure letter",90 days of a RI election at which a candidate appears on the ballot,silent (covers listed political actors distributing in that window),silent,silent,n/a,none,silent,silent,AI disclosure; plaintiff must prove violation by clear and convincing evidence (17-30-2(c)),silent,civil-only (this chapter),silent,silent,"Synthetic media: image/audio/video of an individual appearance, speech, or conduct intentionally manipulated with GAN techniques or other digital technology to create a realistic but false image/audio/video. Disclosure refers to artificial intelligence.",n/a,silent,silent,2026-09-02,P.L. 2025 chs. 409/410 (2 Jul 2025) bar candidates/committees/IE spenders from undisclosed deceptive synthetic media within 90 days of an election. Candidates may seek injunction and general/special damages (C&C; fees discretionary). No liquidated floor. Not a general deepfake ban.
RI,"R.I. Gen. Laws ch. 23-106 or 23-108 (P.L. 2026, ch. 372 / S 2570A) Use of Artificial Intelligence by Healthcare Providers Notification Act",Healthcare AI scribe notification,in force,2026-06-22,2026-06-22 (upon passage),2026-06-22,Healthcare providers (listed licensed professionals) and healthcare facilities (section 23-17-2) that employ AI to document in-person or telehealth visits,Must notify patients of AI used solely to document the visit and review AI-generated documentation for accuracy after the visit. No other AI uses (imaging/CDS) are covered.,"Applies only to visit documentation, not other clinical AI",unconfirmed — no penalty/enforcer section in the enrolled chapter,unconfirmed (none in enrolled chapter),none in enrolled chapter,none,https://webserver.rilegislature.gov/PublicLaws/law26/law26372.htm,silent,silent,silent,silent,"patient notification is the duty, not a cure period",RI-licensed providers and RI healthcare facilities,silent,silent,silent,"n/a (provider documentation, not insurance UR)",none,silent,silent,silent,silent,civil-only (no crime in chapter),silent,silent,"any technology that can simulate human intelligence including NLP, training language models, RLHF, and machine learning systems",n/a,silent,silent,2026-09-02,"P.L. 2026 ch. 372 (22 Jun 2026, immediate) requires licensed providers and facilities using AI to document visits to notify the patient and review the note for accuracy. Enforcer/PRA/penalties unsaid. Compiled chapter number printed as 106108 on the public-law HTML (likely 23-106 or 23-108)."
RI,R.I. Gen. Laws ch. 40.1-5.5 (P.L. 2026 / S 2197Aaa and H 7349 companion) Oversight of Artificial Intelligence Technology in Mental Health Care Act,Oversight of AI in mental health care,in force,2026-06-22 (governor signing day for the 2026 AI health package),2026-06-22 (upon passage — S2197Aaa sec. 2),2026-06-22,"Licensed professionals/providers of therapy or psychotherapy; anyone offering/advertising therapy to the public in RI, including via internet AI","May not offer therapy unless conducted by a RI-licensed professional. Licensed professionals may not use AI to make independent therapeutic decisions, determine treatment plans, or (without an established relationship) directly interact in therapeutic communication. Companion/emotional-support AI in recorded sessions needs specific written consent. EOHHS investigates.",Religious counseling; peer support; public self-help that does not purport to be therapy; FDA/federal-cleared AI tools; IRB research under specified CFR. Administrative support (scheduling/billing) vs supplementary support definitions.,EOHHS investigation; confidentiality penalties via section 5-37.3-9,unconfirmed (none in S2197Aaa as enrolled),confidentiality path uses section 5-37.3-9 (not restated here),none in enrolled chapter,https://webserver.rilegislature.gov/Billtext/BillText26/SenateText26/S2197Aaa.htm,silent,silent,silent,silent,"written consent for recorded-session companion AI is a permission condition, not a cure","offer therapy or psychotherapy services to the public in this state, including internet-based AI",covers offering therapy to the public in this state via internet AI,silent,silent,n/a,none,silent,silent,FDA-cleared tools; religious/peer/self-help,silent,unconfirmed (penalty section points to confidentiality statute),silent,silent (FDA-clearance carve),"machine-based system that can, for a given set of human-defined objectives, make predictions, recommendations, or decisions influencing real or virtual environments",n/a,silent,records confidential under section 40.1-5-26,2026-09-02,S 2197Aaa (upon passage 22 Jun 2026) bans unlicensed AI therapy offered to the RI public and bars licensed clinicians from using AI for independent therapeutic decisions or unsupervised therapeutic chat. Consent required for companion AI on recorded sessions. EOHHS enforces; no PRA in the enrolled text.
RI,R.I. Gen. Laws ch. 6-63 (P.L. 2026 / S 2195Aaa and H 7350 companion) Artificial Intelligence Companion Models,AI companion models — crisis protocol and notice,delayed,2026-06-22,2027-01-01 (S2195Aaa sec. 2),2027-01-01 (annual AG reports begin 2027-07-01),Operator who operates or provides an AI companion (person/partnership/firm and members/affiliates/subsidiaries/beneficial owners),"Must include protocols for user suicidal ideation/self-harm and physical harm to others, with crisis-service referral when detected. Clear conspicuous notice at start of interaction and at least every 3 hours that the user is not communicating with a human. Annual AG reports from 2027-07-01.",Customer-service-only systems; efficiency/research/technical-assistance systems; internal/employee-productivity systems,"Attorney General (investigate, sue, injunctions)",none in enrolled chapter,"civil penalties up to $15,000 per day, directed to suicide-prevention programs (6-63-4(b)) — public penalty, not a consumer PRA floor",none,https://webserver.rilegislature.gov/Billtext/BillText26/SenateText26/S2195Aaa.htm,n/a,n/a,silent,silent,silent,user who uses an AI companion within the state (6-63-1(8)),operator providing a companion used by a person within the state,silent,silent,n/a,none,silent,silent,customer-service / internal / efficiency carves,silent,civil-only,silent,silent,"AI: machine-based system that can, for human-defined objectives, make predictions, recommendations, or decisions influencing real or virtual environments. AI companion: system using AI/GenAI/emotional-recognition to simulate a sustained human-like relationship (retain prefs; unprompted emotion questions; ongoing personal dialogue).",n/a; annual protocol-activation metrics to AG (aggregated publication),silent,annual reports from 2027-07-01; no chat-retention year count,2026-09-02,"S 2195Aaa (signed with the 22 Jun 2026 package; operative 1 Jan 2027) requires AI-companion operators to run crisis protocols, disclose non-human status at start and every 3 hours, and report to the AG from 1 Jul 2027. AG-only; up to $15,000/day to suicide-prevention programs. No PRA."
ME,"10 M.R.S. § 1500-DD (P.L. 2025, c. 294 / LD 1727; reallocated from § 1500-Y)",Required disclosure of AI chatbot in trade and commerce,in force,2025-06-12,2025-09-16 (lead — 90 days after 132nd First Special adjournment; confirm calendar),2025-09-16 (lead),Person using an AI chatbot or other computer technology to engage in trade and commerce with a consumer,"May not use an AI chatbot (or other computer technology) in trade/commerce in a manner that may mislead or deceive a reasonable consumer into believing they are engaging with a human, unless clear and conspicuous notice that they are not.",none in section 1500-DD,"UTPA (AG and private under 5 M.R.S. sections 207, 213)","PAG via Maine UTPA section 213 — purchaser/lessee of goods/services/property primarily for personal/family/household use who suffers loss of money or property; actual damages, restitution, equitable relief; 30-day pre-suit demand",none in UTPA section 213 (actual damages/restitution; no liquidated floor),30-day written demand for relief before filing for damages (5 M.R.S. section 213(1-A)); not a statutory cure of the violation,https://www.mainelegislature.org/legis/statutes/10/title10sec1500-DD.html,silent in section 1500-DD / 213,silent,"if court finds section 207 violation, petitioner shall be awarded reasonable attorney fees and costs (5 M.R.S. section 213(2))",silent,30-day UTPA demand,trade and commerce with a consumer (Title 5 section 206(3) meanings),silent,silent,silent,n/a,none,silent,UTPA private actions generally 6 years (lead; not restated in 1500-DD),clear conspicuous notice that the consumer is not engaging with a human,silent,civil-only (UTPA),silent,silent,"Artificial intelligence chatbot: software application, web interface, or computer program that simulates human conversation and interaction through textual or aural communications",n/a,silent,silent,2026-09-02,P.L. 2025 c. 294 requires clear conspicuous disclosure when an AI chatbot (or other computer tech) in trade/commerce might reasonably be mistaken for a human. Violation is Maine UTPA: consumer PRA for actual damages/restitution after a 30-day demand; mandatory fees if violation found. No statutory floor. Default effective about 16 Sep 2025.
ME,"17-A M.R.S. § 511-A (P.L. 2025, c. 400 / LD 1944)",Unauthorized dissemination of private images — created or modified images,in force,2025-06-20,unconfirmed — 90 days after adjournment unless specified (confirm chapter effective),unconfirmed (in force by 2026-09-02 if default ran),"Person who, with intent to harass/torment/threaten, intentionally or knowingly disseminates/displays/publishes a private image",Crime now covers an image created or modified so it appears to show the depicted person in nudity or a sexual act/contact. New image definition includes generated/saved computer data files and mechanically/electronically/chemically reproduced visuals.,Medical treatment; voluntary public/commercial exposure; ICS/information service for content provided by another,criminal prosecution,none in section 511-A (protection-from-abuse cross-defs in c. 400 not separately pulled as a PRA),none (Class D crime),none,https://legislature.maine.gov/statutes/17-A/title17-Asec511-A.html,n/a,n/a,n/a,silent,n/a,silent in section 511-A,silent,silent,silent,n/a,identifiable from the image or accompanying information; no consent,silent,silent,ICS for others content,silent,crime-only — Class D,silent,silent,no AI definition; covers images created or modified so they appear to show nudity/sexual conduct; image includes generated computer data files,n/a,silent,court-record access governed by SJC rule (subsection 5),2026-09-02,"P.L. 2025 c. 400 amends Maine Class D private-image crime to include created or modified (synthetic) depictions of nudity or sexual conduct of an identifiable unconsenting person, with harass/torment/threaten intent. ICS carve. No civil PRA in 511-A."
NH,RSA 638:26-a and 507:8-j (HB 1432 / 2024 ch. 243 lead),Fraudulent use of deepfakes — felony and civil action,in force,2024 (chapter 243 lead — confirm governor day),2025-01-01 (lead for HB 1432; confirm Source line),2025-01-01 (lead),"Person who knowingly creates, distributes, or presents a deepfake of an identifiable individual for embarrassment, harassment, entrapment, defamation, extortion, or financial/reputational harm",Class B felony for fraudulent deepfakes; separate Class B felony if the deepfake causes the depicted person arrest (plus defense-cost liability). Parallel PRA for damages from such use.,ICS for others content; bona fide news report that flags authenticity questions; paid election-communication publishers who keep the sponsor disclaimer; satire/parody or physical/verbal impersonation without reliance on AI,criminal prosecution; private plaintiff (507:8-j),PRA (507:8-j),none — damages resulting from such use; no liquidated floor. Separate defense-cost liability if arrest results (638:26-a III).,none,https://gc.nh.gov/rsa/html/LII/507/507-8-j.htm,silent,silent,"silent in 507:8-j (defense costs only in the arrest overlay, 638:26-a III)",silent,silent,silent,silent,silent,silent,n/a,none,silent,silent,news / ICS / satire / paid-ad disclaimer carves,silent,also crime — Class B felony (and separate Class B if arrest results),silent,silent,"AI: ability of a machine to display human-like capabilities for cognitive tasks such as reasoning, learning, planning, and creativity; may adapt without significant human oversight. Deepfake: video/audio/other media of a person whose face/body/voice has been digitally altered so they appear to be someone else, or to say/do something they never said/did.",n/a,silent,silent,2026-09-02,"RSA 638:26-a (Class B felony) and 507:8-j (damages PRA, no floor) cover knowing creation/distribution of deepfakes used to embarrass, harass, defame, extort, or cause financial/reputational harm. News/ICS/satire carves. Chapter/effective calendar lead 1 Jan 2025."
NH,"RSA 664:14-c (HB 1596, 2024)",Synthetic media and deceptive/fraudulent deepfakes in elections,in force,unconfirmed (2024 session; confirm chapter/governor day),unconfirmed (in force as compiled RSA),unconfirmed,"Person, corporation, committee, or other entity distributing a message within 90 days of an election","Within 90 days of an election, may not distribute a message created using AI/GenAI that the distributor knows or should have known is a deepfake of a candidate, election official, or party on the ballot, unless a specified AI-manipulation disclosure is included. Candidate/election-official injunction and general/special damages vs sponsor.",ICS for others content; individual distributor who did not know and had no reasonable way of knowing it was a deepfake; bona fide news that flags authenticity; paid publishers who keep sponsor disclaimer; satire/parody or non-AI impersonation,candidate or election official (injunction and damages vs sponsor),PRA (candidate or election official),none — general or special damages; no floor,none,https://gc.nh.gov/rsa/html/LXIII/664/664-14-c.htm,silent,silent,court may award a prevailing party reasonable attorneys fees and costs,silent,"disclosure is a safe harbor, not a cure letter",within 90 days of an election at which a candidate will appear on the ballot,silent,silent,silent,n/a,none,silent,silent,specified disclosure; lack of knowledge for individuals; news/ICS/satire,silent,civil-only (this section),silent,silent,AI/GenAI/deepfake/synthetic media defined in 664:14-c I (GAN or other digital technology creating realistic but false image/audio/video; GenAI generates media in response to prompts; deepfake matches 638:26-a).,n/a,silent,silent,2026-09-02,"RSA 664:14-c bars undisclosed AI/GenAI deepfakes of candidates, election officials, or parties within 90 days of an election. Depicted candidate/official may seek injunction and general/special damages against the sponsor, with discretionary fees. No liquidated floor. Enacted/effective calendar unconfirmed on the compiled page."
NH,"RSA ch. 5-D (2024, 209:1)",Use of artificial intelligence by state agencies,in force,"2024 (2024:209) — confirm governor day; Source: 2024, 209:1",2024-07-01,2024-07-01 (compliance review due 9 months after effective date),"State agencies (any department, commission, board, institution, bureau, office, law enforcement, or other entity including legislative and judicial branches) as to computer systems they operate",Prohibits classifying persons in ways resulting in unlawful discrimination; real-time remote biometric ID surveillance in public spaces except law enforcement with a warrant; deceptive or malicious deepfakes. Human review before irreversible AI recommendations/decisions. Generative AI material must be disclosed if not human-reviewed; users must be told they are interacting with AI.,"Research systems at state-funded IHEs; installed consumer systems in common personal use (e.g., phone unlock face ID)",Department of Information Technology reporting; no PRA in chapter,none in RSA 5-D,none,none,https://gc.nh.gov/rsa/html/I/5-D/5-D-mrg.htm,n/a,n/a,silent,silent,n/a,computer systems operated by a NH state agency,n/a,silent,silent,n/a,none,newly deployed systems after effective date must comply; 9-month review of existing systems,silent,IHE research; consumer personal-use systems,silent,civil-only / administrative,silent,silent,"AI: ability of a machine to display human-like capabilities for cognitive tasks (reasoning, learning, planning, creativity); may adapt without significant human oversight. Generative AI: AI that can generate text, images, or other media in response to prompts. Deepfake: digitally altered face/body/voice media.",DoIT annual public report of identified systems (not a litigation discovery clause),silent,annual DoIT reports posted on website,2026-09-02,"RSA 5-D (eff. 1 Jul 2024) governs state-agency AI: bans discriminatory classification, warrantless public biometric surveillance, and deceptive deepfakes; requires human review of irreversible decisions and disclosure of unreviewed GenAI and of AI interactions. Government-use only; no PRA."
NH,RSA 507-H (NH Privacy Act / Expectation of Privacy),NH Privacy Act — profiling opt-out,in force,2024 (confirm chapter),2025-01-01,2025-01-01 (assessments apply to processing created/generated after 2024-07-01; not retroactive — 507-H:8 VI),Persons that conduct business in NH or produce products/services targeted to NH residents meeting volume/revenue thresholds,Consumer opt-out of profiling in furtherance of solely automated decisions that produce legal or similarly significant effects (including insurance as a listed effect). Sensitive data includes biometric data processed to uniquely identify. Assessments for high-risk profiling. AG exclusive; express no PRA.,"State/local government; nonprofit; IHE; registered national securities association; GLBA financial institution or data; HIPAA CE/BA. Extensive information exemptions (HIPAA, FCRA, DPPA, FERPA, employment context, etc.).",Attorney General exclusive (507-H:11 I); enforced as RSA 358-A:2,"none — Nothing in this chapter shall be construed as providing the basis for, or be subject to, a private right of action for violations under this chapter or any other law (507-H:11 IV)",none for consumers; UDAP 358-A public enforcement (dollar table not restated here),AG shall give 60-day cure 2025-01-01 through 2025-12-31; after 2026-01-01 cure is discretionary using listed factors,https://gc.nh.gov/rsa/html/LII/507-H/507-H-mrg.htm,n/a,n/a,silent in 507-H:11,silent,60-day mandatory cure through 2025-12-31; discretionary thereafter,conducts business in this state or produces products or services targeted to residents of this state (507-H:2),yes if products/services targeted to NH residents and thresholds met,silent,silent,n/a — legal-effect category includes insurance; GLBA FI/data entity-out. Not insurance-code UR.,"in a one-year period: at least 35,000 unique consumers (excluding payment-only processing) or at least 10,000 unique consumers and more than 25 percent gross revenue from sale of personal data",assessments not retroactive; apply to processing created or generated after 2024-07-01,silent,cure; comparable other-law assessments (507-H:8 V); COPPA parental consent compliance,silent,civil-only,silent,Airline Deregulation Act information carve; other federal information exemptions,"Profiling: any form of automated processing of personal data to evaluate, analyze, or predict personal aspects. Legal/similarly significant effects include provision or denial of financial/lending, housing, insurance, education, criminal justice, employment, health care, or essential goods/services. Biometric data defined (automatic measurements used to identify; photos/audio/video out unless generated to identify).",AG may require disclosure of relevant assessments; confidential and RSA 91-A exempt; privilege not waived (507-H:8 III),silent,silent (assessments must be conducted and documented),2026-09-02,"RSA 507-H (in force 1 Jan 2025) is NH comprehensive privacy act with a solely-automated profiling opt-out that lists insurance among legal effects, plus high-risk profiling assessments. AG-only; express no PRA; 60-day cure through 2025 then discretionary. GLBA FI/data out. Thresholds 35k consumers or 10k+25% sale revenue. Not a BIPA and not insurance-code UR."
NH,RSA 507:8-k and 639:3 III-a (HB 143 / 2025 ch. 270),Solicitation of children through responsive generative AI communication,in force,2025-08-01,2026-01-01,2026-01-01,"Owner/operator of a computer online, Internet, or bulletin-board service, including an AI chat program, LLM bot, chatbot, character AI, or other application whose sole purpose is responsive open-ended generative communication through AI","Liable if, when directing a communication to a child, the operator knows it is made with intent to facilitate/encourage/offer/solicit/recommend that the child imminently engage in sexually explicit conduct, production of such visual depictions, illegal drugs/alcohol, self-harm/suicide, or a crime of violence. AG sole right of action after 90-day cure; liquidated $1,000/violation for the child.","Cloud/telecom/information-service providers for content created/supplied by another; AI chat integral or incidental to a video game, TV, streaming, movie, or similar interactive experience",Attorney General sole right of action (507:8-k II),"none — AG sole right of action, though damages run to the child/parent/next friend","not less than liquidated damages of $1,000 per violation (plus proximate damages) — recovered via AG action","90 days after AG written notice of each alleged violation; if assurances satisfactory to AG, AG shall not sue",https://gc.nh.gov/Senate_SessionDay/billtext.aspx?bn=HB143&id=339,n/a (AG sole),n/a,silent,silent,AG 90-day cure before suit,silent beyond directing communication to a child (confirm child definition in 639:3),silent,silent,silent,n/a,service whose sole purpose is responsive open-ended generative AI communication,silent,silent,90-day AG cure; cloud/telecom; entertainment-integral AI,silent,also crime — ch. 270 also expands RSA 639:3 child-endangerment (crime text not fully isolated this pass),silent,silent,"covers AI chat program, large language model bot, chatbot, character AI, or other computer application whose sole purpose is responsive open-ended generative communication through AI — no separate AI sentence in 507:8-k I",n/a,silent,silent,2026-09-02,"2025 ch. 270 (signed 1 Aug 2025; 1 Jan 2026) lets the AG (sole plaintiff, 90-day cure) sue generative-AI chat operators that knowingly direct a child toward sex, drugs, self-harm, or violence. Floor $1,000/violation conceptually for the child. Entertainment-integral and conduit carves. Companion 639:3 crime expansion not fully isolated."
